"../../../Engine/Content/EditorResources/S_Actor.ubulk" 0
"../../../Engine/Content/EditorResources/S_Actor.uasset" 1
"../../../Engine/Content/EditorResources/S_Actor.uexp" 2
"../../../Engine/Content/EditorResources/S_BoxReflectionCapture.uasset" 3
"../../../Engine/Content/EditorResources/S_BoxReflectionCapture.uexp" 4
"../../../Engine/Content/EngineResources/DefaultTexture.ubulk" 5
"../../../Engine/Content/EngineResources/DefaultTexture.uasset" 6
"../../../Engine/Content/EngineResources/DefaultTexture.uexp" 7
"../../../Engine/Content/EngineResources/DefaultTextureCube.uasset" 8
"../../../Engine/Content/EngineResources/DefaultTextureCube.uexp" 9
"../../../Engine/Content/EngineResources/DefaultVolumeTexture2D.uasset" 10
"../../../Engine/Content/EngineResources/DefaultVolumeTexture2D.uexp" 11
"../../../Engine/Content/EngineResources/DefaultVolumeTexture.uasset" 12
"../../../Engine/Content/EngineResources/DefaultVolumeTexture.uexp" 13
"../../../Engine/Content/EditorResources/S_Trigger.ubulk" 14
"../../../Engine/Content/EditorResources/S_Trigger.uasset" 15
"../../../Engine/Content/EditorResources/S_Trigger.uexp" 16
"../../../Engine/Content/EditorResources/S_TriggerBox.uasset" 17
"../../../Engine/Content/EditorResources/S_TriggerBox.uexp" 18
"../../../Engine/Content/EditorResources/S_TriggerCapsule.uasset" 19
"../../../Engine/Content/EditorResources/S_TriggerCapsule.uexp" 20
"../../../Engine/Content/EditorResources/S_TriggerSphere.uasset" 21
"../../../Engine/Content/EditorResources/S_TriggerSphere.uexp" 22
"../../../Engine/Content/EngineMeshes/Sphere.ubulk" 23
"../../../Engine/Content/EngineMeshes/Sphere.uasset" 24
"../../../Engine/Content/EngineMeshes/Sphere.uexp" 25
"../../../Engine/Content/EngineResources/GradientTexture0.uasset" 26
"../../../Engine/Content/EngineResources/GradientTexture0.uexp" 27
"../../../Engine/Content/VREditor/LaserPointer/VR_LaserPower_01.ubulk" 28
"../../../Engine/Content/VREditor/LaserPointer/VR_LaserPower_01.uasset" 29
"../../../Engine/Content/VREditor/LaserPointer/VR_LaserPower_01.uexp" 30
"../../../Engine/Content/VREditor/TransformGizmo/TransformGizmoMaterial.uasset" 31
"../../../Engine/Content/VREditor/TransformGizmo/TransformGizmoMaterial.uexp" 32
"../../../Engine/Content/VREditor/TransformGizmo/TranslucentTransformGizmoMaterial.uasset" 33
"../../../Engine/Content/VREditor/TransformGizmo/TranslucentTransformGizmoMaterial.uexp" 34
"../../../Engine/Content/VREditor/TransformGizmo/BoundingBoxCorner.ubulk" 35
"../../../Engine/Content/VREditor/TransformGizmo/BoundingBoxCorner.uasset" 36
"../../../Engine/Content/VREditor/TransformGizmo/BoundingBoxCorner.uexp" 37
"../../../Engine/Content/VREditor/TransformGizmo/BoundingBoxEdge.ubulk" 38
"../../../Engine/Content/VREditor/TransformGizmo/BoundingBoxEdge.uasset" 39
"../../../Engine/Content/VREditor/TransformGizmo/BoundingBoxEdge.uexp" 40
"../../../Engine/Content/VREditor/TransformGizmo/Main.uasset" 41
"../../../Engine/Content/VREditor/TransformGizmo/Main.uexp" 42
"../../../Engine/Content/VREditor/TransformGizmo/Xray.uasset" 43
"../../../Engine/Content/VREditor/TransformGizmo/Xray.uexp" 44
"../../../Engine/Content/VREditor/TransformGizmo/SM_Sequencer_Node.ubulk" 45
"../../../Engine/Content/VREditor/TransformGizmo/SM_Sequencer_Node.uasset" 46
"../../../Engine/Content/VREditor/TransformGizmo/SM_Sequencer_Node.uexp" 47
"../../../Engine/Content/EditorResources/S_Solver.ubulk" 48
"../../../Engine/Content/EditorResources/S_Solver.uasset" 49
"../../../Engine/Content/EditorResources/S_Solver.uexp" 50
"../../../Engine/Content/EditorMaterials/Camera/CineMat.uasset" 51
"../../../Engine/Content/EditorMaterials/Camera/CineMat.uexp" 52
"../../../Engine/Content/EditorMaterials/Camera/MI_CineMat_Rig.uasset" 53
"../../../Engine/Content/EditorMaterials/Camera/MI_CineMat_Rig.uexp" 54
"../../../Engine/Content/EditorMeshes/Camera/SM_CraneRig_Base.ubulk" 55
"../../../Engine/Content/EditorMeshes/Camera/SM_CraneRig_Base.uasset" 56
"../../../Engine/Content/EditorMeshes/Camera/SM_CraneRig_Base.uexp" 57
"../../../Engine/Content/EditorMeshes/Camera/SM_CraneRig_Arm.ubulk" 58
"../../../Engine/Content/EditorMeshes/Camera/SM_CraneRig_Arm.uasset" 59
"../../../Engine/Content/EditorMeshes/Camera/SM_CraneRig_Arm.uexp" 60
"../../../Engine/Content/EditorMeshes/Camera/SM_CraneRig_Mount.ubulk" 61
"../../../Engine/Content/EditorMeshes/Camera/SM_CraneRig_Mount.uasset" 62
"../../../Engine/Content/EditorMeshes/Camera/SM_CraneRig_Mount.uexp" 63
"../../../Engine/Content/EditorMeshes/Camera/SM_CraneRig_Body.ubulk" 64
"../../../Engine/Content/EditorMeshes/Camera/SM_CraneRig_Body.uasset" 65
"../../../Engine/Content/EditorMeshes/Camera/SM_CraneRig_Body.uexp" 66
"../../../Engine/Content/EditorMeshes/Camera/SM_RailRig_Track.ubulk" 67
"../../../Engine/Content/EditorMeshes/Camera/SM_RailRig_Track.uasset" 68
"../../../Engine/Content/EditorMeshes/Camera/SM_RailRig_Track.uexp" 69
"../../../Engine/Content/EditorMeshes/Camera/SM_RailRig_Mount.ubulk" 70
"../../../Engine/Content/EditorMeshes/Camera/SM_RailRig_Mount.uasset" 71
"../../../Engine/Content/EditorMeshes/Camera/SM_RailRig_Mount.uexp" 72
"../../../Engine/Content/EngineMaterials/T_Default_Material_Grid_M.ubulk" 73
"../../../Engine/Content/EngineMaterials/T_Default_Material_Grid_M.uasset" 74
"../../../Engine/Content/EngineMaterials/T_Default_Material_Grid_M.uexp" 75
"../../../Engine/Content/EngineMaterials/T_Default_Material_Grid_N.ubulk" 76
"../../../Engine/Content/EngineMaterials/T_Default_Material_Grid_N.uasset" 77
"../../../Engine/Content/EngineMaterials/T_Default_Material_Grid_N.uexp" 78
"../../../Engine/Content/Functions/Engine_MaterialFunctions01/Opacity/CameraDepthFade.uasset" 79
"../../../Engine/Content/Functions/Engine_MaterialFunctions01/Opacity/CameraDepthFade.uexp" 80
"../../../Engine/Content/EngineMaterials/WorldGridMaterial.uasset" 81
"../../../Engine/Content/EngineMaterials/WorldGridMaterial.uexp" 82
"../../../Engine/Content/ArtTools/RenderToTexture/Meshes/S_1_Unit_Plane.ubulk" 83
"../../../Engine/Content/ArtTools/RenderToTexture/Meshes/S_1_Unit_Plane.uasset" 84
"../../../Engine/Content/ArtTools/RenderToTexture/Meshes/S_1_Unit_Plane.uexp" 85
"../../../Engine/Content/EditorMaterials/ParticleSystems/PSysThumbnail_NoImage.ubulk" 86
"../../../Engine/Content/EditorMaterials/ParticleSystems/PSysThumbnail_NoImage.uasset" 87
"../../../Engine/Content/EditorMaterials/ParticleSystems/PSysThumbnail_NoImage.uexp" 88
"../../../Engine/Content/EditorMaterials/ParticleSystems/PSysThumbnail_OOD.ubulk" 89
"../../../Engine/Content/EditorMaterials/ParticleSystems/PSysThumbnail_OOD.uasset" 90
"../../../Engine/Content/EditorMaterials/ParticleSystems/PSysThumbnail_OOD.uexp" 91
"../../../Engine/Content/EditorLandscapeResources/SplineEditorMeshMat.uasset" 92
"../../../Engine/Content/EditorLandscapeResources/SplineEditorMeshMat.uexp" 93
"../../../Engine/Content/EditorLandscapeResources/SplineEditorMesh.ubulk" 94
"../../../Engine/Content/EditorLandscapeResources/SplineEditorMesh.uasset" 95
"../../../Engine/Content/EditorLandscapeResources/SplineEditorMesh.uexp" 96
"../../../Engine/Plugins/Media/MediaPlate/Content/SM_MediaPlateScreen.ubulk" 97
"../../../Engine/Plugins/Media/MediaPlate/Content/SM_MediaPlateScreen.uasset" 98
"../../../Engine/Plugins/Media/MediaPlate/Content/SM_MediaPlateScreen.uexp" 99
"../../../Engine/Content/EngineMaterials/DefaultBokeh.uasset" 100
"../../../Engine/Content/EngineMaterials/DefaultBokeh.uexp" 101
"../../../Engine/Content/EngineMaterials/MiniFont.uasset" 102
"../../../Engine/Content/EngineMaterials/MiniFont.uexp" 103
"../../../Engine/Content/EngineMaterials/PreintegratedSkinBRDF.uasset" 104
"../../../Engine/Content/EngineMaterials/PreintegratedSkinBRDF.uexp" 105
"../../../Engine/Content/Functions/Engine_MaterialFunctions02/WorldPositionOffset/CameraOffset.uasset" 106
"../../../Engine/Content/Functions/Engine_MaterialFunctions02/WorldPositionOffset/CameraOffset.uexp" 107
"../../../Engine/Plugins/Animation/ControlRig/Content/M_Manip.uasset" 108
"../../../Engine/Plugins/Animation/ControlRig/Content/M_Manip.uexp" 109
"../../../Engine/Plugins/Animation/ACLPlugin/Content/ACLAnimCurveCompressionSettings.uasset" 110
"../../../Engine/Plugins/Animation/ACLPlugin/Content/ACLAnimCurveCompressionSettings.uexp" 111
"../../../Engine/Plugins/Animation/ACLPlugin/Content/ACLAnimBoneCompressionSettings.uasset" 112
"../../../Engine/Plugins/Animation/ACLPlugin/Content/ACLAnimBoneCompressionSettings.uexp" 113
"../../../Engine/Plugins/2D/Paper2D/Content/PlaceholderTextures/DummySpriteTexture.ubulk" 114
"../../../Engine/Plugins/2D/Paper2D/Content/PlaceholderTextures/DummySpriteTexture.uasset" 115
"../../../Engine/Plugins/2D/Paper2D/Content/PlaceholderTextures/DummySpriteTexture.uexp" 116
"../../../Engine/Plugins/2D/Paper2D/Content/DefaultSpriteMaterial.uasset" 117
"../../../Engine/Plugins/2D/Paper2D/Content/DefaultSpriteMaterial.uexp" 118
"../../../Engine/Plugins/2D/Paper2D/Content/OpaqueUnlitSpriteMaterial.uasset" 119
"../../../Engine/Plugins/2D/Paper2D/Content/OpaqueUnlitSpriteMaterial.uexp" 120
"../../../Engine/Plugins/2D/Paper2D/Content/MaskedUnlitSpriteMaterial.uasset" 121
"../../../Engine/Plugins/2D/Paper2D/Content/MaskedUnlitSpriteMaterial.uexp" 122
"../../../Engine/Plugins/2D/Paper2D/Content/DummySprite.uasset" 123
"../../../Engine/Plugins/2D/Paper2D/Content/DummySprite.uexp" 124
"../../../Engine/Plugins/2D/Paper2D/Content/DefaultPaperTerrainMaterial.uasset" 125
"../../../Engine/Plugins/2D/Paper2D/Content/DefaultPaperTerrainMaterial.uexp" 126
"../../../Engine/Content/EngineResources/WhiteSquareTexture.uasset" 127
"../../../Engine/Content/EngineResources/WhiteSquareTexture.uexp" 128
"../../../Engine/Content/EngineMaterials/Widget3DPassThrough.uasset" 129
"../../../Engine/Content/EngineMaterials/Widget3DPassThrough.uexp" 130
"../../../Engine/Content/EngineMaterials/Widget3DPassThrough_Translucent.uasset" 131
"../../../Engine/Content/EngineMaterials/Widget3DPassThrough_Translucent.uexp" 132
"../../../Engine/Content/EngineMaterials/Widget3DPassThrough_Translucent_OneSided.uasset" 133
"../../../Engine/Content/EngineMaterials/Widget3DPassThrough_Translucent_OneSided.uexp" 134
"../../../Engine/Content/EngineMaterials/Widget3DPassThrough_Opaque.uasset" 135
"../../../Engine/Content/EngineMaterials/Widget3DPassThrough_Opaque.uexp" 136
"../../../Engine/Content/EngineMaterials/Widget3DPassThrough_Opaque_OneSided.uasset" 137
"../../../Engine/Content/EngineMaterials/Widget3DPassThrough_Opaque_OneSided.uexp" 138
"../../../Engine/Content/EngineMaterials/Widget3DPassThrough_Masked_OneSided.uasset" 139
"../../../Engine/Content/EngineMaterials/Widget3DPassThrough_Masked_OneSided.uexp" 140
"../../../Engine/Content/EngineMaterials/Widget3DPassThrough_Masked.uasset" 141
"../../../Engine/Content/EngineMaterials/Widget3DPassThrough_Masked.uexp" 142
"../../../Engine/Content/EngineMaterials/STBlueNoise_vec2_128x128x64.uasset" 143
"../../../Engine/Content/EngineMaterials/STBlueNoise_vec2_128x128x64.uexp" 144
"../../../Engine/Content/EngineMaterials/STBlueNoise_scalar_128x128x64.uasset" 145
"../../../Engine/Content/EngineMaterials/STBlueNoise_scalar_128x128x64.uexp" 146
"../../../Engine/Content/EngineMaterials/RemoveSurfaceMaterial.uasset" 147
"../../../Engine/Content/EngineMaterials/RemoveSurfaceMaterial.uexp" 148
"../../../Engine/Content/EngineMaterials/DefaultCalibrationGrayscale.uasset" 149
"../../../Engine/Content/EngineMaterials/DefaultCalibrationGrayscale.uexp" 150
"../../../Engine/Content/EngineMaterials/PPM_DefaultCalibrationGrayscale.uasset" 151
"../../../Engine/Content/EngineMaterials/PPM_DefaultCalibrationGrayscale.uexp" 152
"../../../Engine/Content/EngineMaterials/DefaultCalibrationColor.uasset" 153
"../../../Engine/Content/EngineMaterials/DefaultCalibrationColor.uexp" 154
"../../../Engine/Content/EngineMaterials/PPM_DefaultCalibrationColor.uasset" 155
"../../../Engine/Content/EngineMaterials/PPM_DefaultCalibrationColor.uexp" 156
"../../../Engine/Content/EngineMaterials/PhAT_JointLimitMaterial.uasset" 157
"../../../Engine/Content/EngineMaterials/PhAT_JointLimitMaterial.uexp" 158
"../../../Engine/Content/EngineMaterials/NaniteHiddenSectionMaterial.uasset" 159
"../../../Engine/Content/EngineMaterials/NaniteHiddenSectionMaterial.uexp" 160
"../../../Engine/Content/EngineMaterials/InvalidLightmapSettings.ubulk" 161
"../../../Engine/Content/EngineMaterials/InvalidLightmapSettings.uasset" 162
"../../../Engine/Content/EngineMaterials/InvalidLightmapSettings.uexp" 163
"../../../Engine/Content/EngineMaterials/M_InvalidLightmapSettings.uasset" 164
"../../../Engine/Content/EngineMaterials/M_InvalidLightmapSettings.uexp" 165
"../../../Engine/Content/EngineMaterials/GizmoMaterial.uasset" 166
"../../../Engine/Content/EngineMaterials/GizmoMaterial.uexp" 167
"../../../Engine/Content/EngineMaterials/BaseFlattenEmissiveMap_VT.uasset" 168
"../../../Engine/Content/EngineMaterials/BaseFlattenEmissiveMap_VT.uexp" 169
"../../../Engine/Content/EngineMaterials/BaseFlattenGrayscaleMap_VT.uasset" 170
"../../../Engine/Content/EngineMaterials/BaseFlattenGrayscaleMap_VT.uexp" 171
"../../../Engine/Content/EngineMaterials/BaseFlattenLinearColor_VT.uasset" 172
"../../../Engine/Content/EngineMaterials/BaseFlattenLinearColor_VT.uexp" 173
"../../../Engine/Content/EngineMaterials/Black_1x1_EXR_Texture_VT.uasset" 174
"../../../Engine/Content/EngineMaterials/Black_1x1_EXR_Texture_VT.uexp" 175
"../../../Engine/Content/EngineMaterials/BaseFlattenDiffuseMap_VT.uasset" 176
"../../../Engine/Content/EngineMaterials/BaseFlattenDiffuseMap_VT.uexp" 177
"../../../Engine/Content/EngineMaterials/BaseFlattenNormalMap_VT.uasset" 178
"../../../Engine/Content/EngineMaterials/BaseFlattenNormalMap_VT.uexp" 179
"../../../Engine/Content/EngineMaterials/FlattenMaterial_VT.uasset" 180
"../../../Engine/Content/EngineMaterials/FlattenMaterial_VT.uexp" 181
"../../../Engine/Content/EngineMaterials/BaseFlattenNormalMap.uasset" 182
"../../../Engine/Content/EngineMaterials/BaseFlattenNormalMap.uexp" 183
"../../../Engine/Content/EngineMaterials/BaseFlattenGrayscaleMap.uasset" 184
"../../../Engine/Content/EngineMaterials/BaseFlattenGrayscaleMap.uexp" 185
"../../../Engine/Content/EngineMaterials/BaseFlattenDiffuseMap.uasset" 186
"../../../Engine/Content/EngineMaterials/BaseFlattenDiffuseMap.uexp" 187
"../../../Engine/Content/Functions/Engine_MaterialFunctions02/PivotPainter2/Black_1x1_EXR_Texture.uasset" 188
"../../../Engine/Content/Functions/Engine_MaterialFunctions02/PivotPainter2/Black_1x1_EXR_Texture.uexp" 189
"../../../Engine/Content/EngineMaterials/BaseFlattenEmissiveMap.uasset" 190
"../../../Engine/Content/EngineMaterials/BaseFlattenEmissiveMap.uexp" 191
"../../../Engine/Content/EngineMaterials/BaseFlattenLinearColor.uasset" 192
"../../../Engine/Content/EngineMaterials/BaseFlattenLinearColor.uexp" 193
"../../../Engine/Content/EngineMaterials/FlattenMaterial.uasset" 194
"../../../Engine/Content/EngineMaterials/FlattenMaterial.uexp" 195
"../../../Engine/Content/EngineMaterials/DefaultWhiteGrid_Low.uasset" 196
"../../../Engine/Content/EngineMaterials/DefaultWhiteGrid_Low.uexp" 197
"../../../Engine/Content/EngineMaterials/EmissiveMeshMaterial.uasset" 198
"../../../Engine/Content/EngineMaterials/EmissiveMeshMaterial.uexp" 199
"../../../Engine/Content/EngineFonts/RobotoDistanceField.uasset" 200
"../../../Engine/Content/EngineFonts/RobotoDistanceField.uexp" 201
"../../../Engine/Content/EngineMaterials/DefaultTextMaterialOpaque.uasset" 202
"../../../Engine/Content/EngineMaterials/DefaultTextMaterialOpaque.uexp" 203
"../../../Engine/Content/EngineMaterials/DefaultDiffuse.ubulk" 204
"../../../Engine/Content/EngineMaterials/DefaultDiffuse.uasset" 205
"../../../Engine/Content/EngineMaterials/DefaultDiffuse.uexp" 206
"../../../Engine/Content/Functions/Engine_MaterialFunctions02/Utility/BreakOutFloat2Components.uasset" 207
"../../../Engine/Content/Functions/Engine_MaterialFunctions02/Utility/BreakOutFloat2Components.uexp" 208
"../../../Engine/Content/EngineMaterials/DefaultPostProcessMaterial.uasset" 209
"../../../Engine/Content/EngineMaterials/DefaultPostProcessMaterial.uexp" 210
"../../../Engine/Content/EngineMaterials/DefaultLightFunctionMaterial.uasset" 211
"../../../Engine/Content/EngineMaterials/DefaultLightFunctionMaterial.uexp" 212
"../../../Engine/Content/EngineMaterials/DefaultDestructiblePhysicalMaterial.uasset" 213
"../../../Engine/Content/EngineMaterials/DefaultDestructiblePhysicalMaterial.uexp" 214
"../../../Engine/Content/EngineMaterials/DefaultDeferredDecalMaterial.uasset" 215
"../../../Engine/Content/EngineMaterials/DefaultDeferredDecalMaterial.uexp" 216
"../../../Engine/Content/EngineMaterials/DefaultBloomKernel.uasset" 217
"../../../Engine/Content/EngineMaterials/DefaultBloomKernel.uexp" 218
"../../../Engine/Content/EngineFonts/Faces/RobotoLight.uexp" 219
"../../../Engine/Content/EngineFonts/Faces/RobotoLight.uasset" 220
"../../../Engine/Content/EngineFonts/Faces/RobotoLight.ufont" 221
"../../../Engine/Content/EngineFonts/Faces/RobotoBold.uexp" 222
"../../../Engine/Content/EngineFonts/Faces/RobotoBold.uasset" 223
"../../../Engine/Content/EngineFonts/Faces/RobotoBold.ufont" 224
"../../../Engine/Content/EngineFonts/Faces/RobotoRegular.uexp" 225
"../../../Engine/Content/EngineFonts/Faces/RobotoRegular.uasset" 226
"../../../Engine/Content/EngineFonts/Faces/RobotoRegular.ufont" 227
"../../../Engine/Content/EngineFonts/Faces/DroidSansFallback.uexp" 228
"../../../Engine/Content/EngineFonts/Faces/DroidSansFallback.uasset" 229
"../../../Engine/Content/EngineFonts/Faces/DroidSansFallback.ufont" 230
"../../../Engine/Content/EngineFonts/Faces/RobotoItalic.uexp" 231
"../../../Engine/Content/EngineFonts/Faces/RobotoItalic.uasset" 232
"../../../Engine/Content/EngineFonts/Faces/RobotoItalic.ufont" 233
"../../../Engine/Content/EngineFonts/Faces/RobotoBoldItalic.uexp" 234
"../../../Engine/Content/EngineFonts/Faces/RobotoBoldItalic.uasset" 235
"../../../Engine/Content/EngineFonts/Faces/RobotoBoldItalic.ufont" 236
"../../../Engine/Content/EngineFonts/Roboto.uasset" 237
"../../../Engine/Content/EngineFonts/Roboto.uexp" 238
"../../../Engine/Content/Functions/Engine_MaterialFunctions02/Utility/CameraDirectionVector.uasset" 239
"../../../Engine/Content/Functions/Engine_MaterialFunctions02/Utility/CameraDirectionVector.uexp" 240
"../../../Engine/Content/EngineDebugMaterials/VolumeToRender.uasset" 241
"../../../Engine/Content/EngineDebugMaterials/VolumeToRender.uexp" 242
"../../../Engine/Content/EngineDebugMaterials/M_VolumeRenderSphereTracePP.uasset" 243
"../../../Engine/Content/EngineDebugMaterials/M_VolumeRenderSphereTracePP.uexp" 244
"../../../Engine/Content/EngineDebugMaterials/M_SimpleUnlitTranslucent.uasset" 245
"../../../Engine/Content/EngineDebugMaterials/M_SimpleUnlitTranslucent.uexp" 246
"../../../Engine/Content/EngineDebugMaterials/DebugMeshMaterial.uasset" 247
"../../../Engine/Content/EngineDebugMaterials/DebugMeshMaterial.uexp" 248
"../../../Engine/Content/EngineDebugMaterials/DebugEditorMaterial.uasset" 249
"../../../Engine/Content/EngineDebugMaterials/DebugEditorMaterial.uexp" 250
"../../../Engine/Content/EngineDamageTypes/DmgTypeBP_Environmental.uasset" 251
"../../../Engine/Content/EngineDamageTypes/DmgTypeBP_Environmental.uexp" 252
"../../../Engine/Content/EditorResources/S_Terrain.ubulk" 253
"../../../Engine/Content/EditorResources/S_Terrain.uasset" 254
"../../../Engine/Content/EditorResources/S_Terrain.uexp" 255
"../../../Engine/Content/EditorResources/EmptyActor.uasset" 256
"../../../Engine/Content/EditorResources/EmptyActor.uexp" 257
"../../../Engine/Content/EditorResources/BSPVertex.uasset" 258
"../../../Engine/Content/EditorResources/BSPVertex.uexp" 259
"../../../Engine/Content/EditorMaterials/PreviewShadowIndicator.ubulk" 260
"../../../Engine/Content/EditorMaterials/PreviewShadowIndicator.uasset" 261
"../../../Engine/Content/EditorMaterials/PreviewShadowIndicator.uexp" 262
"../../../Engine/Content/EditorMaterials/PreviewShadowIndicatorMaterial.uasset" 263
"../../../Engine/Content/EditorMaterials/PreviewShadowIndicatorMaterial.uexp" 264
"../../../Engine/Content/EditorMaterials/PhAT_UnselectedMaterial.uasset" 265
"../../../Engine/Content/EditorMaterials/PhAT_UnselectedMaterial.uexp" 266
"../../../Engine/Content/EditorMaterials/PhAT_NoCollisionMaterial.uasset" 267
"../../../Engine/Content/EditorMaterials/PhAT_NoCollisionMaterial.uexp" 268
"../../../Engine/Content/EditorLandscapeResources/DefaultAlphaTexture.uasset" 269
"../../../Engine/Content/EditorLandscapeResources/DefaultAlphaTexture.uexp" 270
"../../../Engine/Content/EditorLandscapeResources/DataLayer.uasset" 271
"../../../Engine/Content/EditorLandscapeResources/DataLayer.uexp" 272
"../../../Engine/Content/EngineMaterials/DefaultMaterial.uasset" 273
"../../../Engine/Content/EngineMaterials/DefaultMaterial.uexp" 274
"../../../Engine/Content/BasicShapes/Sphere.ubulk" 275
"../../../Engine/Content/BasicShapes/Sphere.uasset" 276
"../../../Engine/Content/BasicShapes/Sphere.uexp" 277
"../../../Engine/Content/BasicShapes/Cylinder.ubulk" 278
"../../../Engine/Content/BasicShapes/Cylinder.uasset" 279
"../../../Engine/Content/BasicShapes/Cylinder.uexp" 280
"../../../Engine/Content/BasicShapes/Cone.ubulk" 281
"../../../Engine/Content/BasicShapes/Cone.uasset" 282
"../../../Engine/Content/BasicShapes/Cone.uexp" 283
"C:/UnrealEngine/Project/TheGame/Content/Maps/PauseGame.uasset" 284
"C:/UnrealEngine/Project/TheGame/Content/Maps/PauseGame.uexp" 285
"../../../Engine/Plugins/Runtime/MeshModelingToolset/Content/Materials/M_DynamicMeshComponentVtxColor.uasset" 286
"../../../Engine/Plugins/Runtime/MeshModelingToolset/Content/Materials/M_DynamicMeshComponentVtxColor.uexp" 287
"../../../Engine/Plugins/Interchange/Runtime/Content/Pipelines/DefaultTexturePipeline.uasset" 288
"../../../Engine/Plugins/Interchange/Runtime/Content/Pipelines/DefaultTexturePipeline.uexp" 289
"../../../Engine/Plugins/Interchange/Runtime/Content/Pipelines/DefaultSceneLevelPipeline.uasset" 290
"../../../Engine/Plugins/Interchange/Runtime/Content/Pipelines/DefaultSceneLevelPipeline.uexp" 291
"../../../Engine/Plugins/Interchange/Runtime/Content/Pipelines/DefaultSceneAssetsPipeline.uasset" 292
"../../../Engine/Plugins/Interchange/Runtime/Content/Pipelines/DefaultSceneAssetsPipeline.uexp" 293
"../../../Engine/Plugins/Interchange/Runtime/Content/Pipelines/DefaultMaterialXPipeline.uasset" 294
"../../../Engine/Plugins/Interchange/Runtime/Content/Pipelines/DefaultMaterialXPipeline.uexp" 295
"../../../Engine/Plugins/Interchange/Runtime/Content/Pipelines/DefaultMaterialPipeline.uasset" 296
"../../../Engine/Plugins/Interchange/Runtime/Content/Pipelines/DefaultMaterialPipeline.uexp" 297
"../../../Engine/Plugins/Interchange/Runtime/Content/Pipelines/DefaultGLTFSceneAssetsPipeline.uasset" 298
"../../../Engine/Plugins/Interchange/Runtime/Content/Pipelines/DefaultGLTFSceneAssetsPipeline.uexp" 299
"../../../Engine/Plugins/Interchange/Runtime/Content/Pipelines/DefaultGLTFPipeline.uasset" 300
"../../../Engine/Plugins/Interchange/Runtime/Content/Pipelines/DefaultGLTFPipeline.uexp" 301
"../../../Engine/Plugins/Interchange/Runtime/Content/Pipelines/DefaultGLTFAssetsPipeline.uasset" 302
"../../../Engine/Plugins/Interchange/Runtime/Content/Pipelines/DefaultGLTFAssetsPipeline.uexp" 303
"../../../Engine/Plugins/Interchange/Runtime/Content/Pipelines/DefaultAssetsPipeline.uasset" 304
"../../../Engine/Plugins/Interchange/Runtime/Content/Pipelines/DefaultAssetsPipeline.uexp" 305
"../../../Engine/Plugins/Interchange/Runtime/Content/Functions/MX_UsdPreviewSurface.uasset" 306
"../../../Engine/Plugins/Interchange/Runtime/Content/Functions/MX_UsdPreviewSurface.uexp" 307
"../../../Engine/Plugins/Interchange/Runtime/Content/Functions/MX_UniformEDF.uasset" 308
"../../../Engine/Plugins/Interchange/Runtime/Content/Functions/MX_UniformEDF.uexp" 309
"../../../Engine/Plugins/Interchange/Runtime/Content/Functions/MX_TranslucentBSDF.uasset" 310
"../../../Engine/Plugins/Interchange/Runtime/Content/Functions/MX_TranslucentBSDF.uexp" 311
"../../../Engine/Plugins/Interchange/Runtime/Content/Functions/MX_ThinFilmBSDF.uasset" 312
"../../../Engine/Plugins/Interchange/Runtime/Content/Functions/MX_ThinFilmBSDF.uexp" 313
"../../../Engine/Plugins/Interchange/Runtime/Content/Functions/MX_SurfaceUnlit.uasset" 314
"../../../Engine/Plugins/Interchange/Runtime/Content/Functions/MX_SurfaceUnlit.uexp" 315
"../../../Engine/Plugins/Interchange/Runtime/Content/Functions/MX_Surface.uasset" 316
"../../../Engine/Plugins/Interchange/Runtime/Content/Functions/MX_Surface.uexp" 317
"../../../Engine/Plugins/Interchange/Runtime/Content/Functions/MX_SubsurfaceBSDF.uasset" 318
"../../../Engine/Plugins/Interchange/Runtime/Content/Functions/MX_SubsurfaceBSDF.uexp" 319
"../../../Engine/Plugins/Interchange/Runtime/Content/Functions/MX_SheenBSDF.uasset" 320
"../../../Engine/Plugins/Interchange/Runtime/Content/Functions/MX_SheenBSDF.uexp" 321
"../../../Engine/Plugins/Interchange/Runtime/Content/Functions/MX_OrenNayarBSDF.uasset" 322
"../../../Engine/Plugins/Interchange/Runtime/Content/Functions/MX_OrenNayarBSDF.uexp" 323
"../../../Engine/Content/Functions/Engine_MaterialFunctions01/Volumetrics/BeersLaw.uasset" 324
"../../../Engine/Content/Functions/Engine_MaterialFunctions01/Volumetrics/BeersLaw.uexp" 325
"../../../Engine/Content/EngineMaterials/Good64x64TilingNoiseHighFreq.uasset" 326
"../../../Engine/Content/EngineMaterials/Good64x64TilingNoiseHighFreq.uexp" 327
"../../../Engine/Content/Functions/Engine_MaterialFunctions02/Texturing/ScreenAlignedPixelToPixelUVs.uasset" 328
"../../../Engine/Content/Functions/Engine_MaterialFunctions02/Texturing/ScreenAlignedPixelToPixelUVs.uexp" 329
"../../../Engine/Plugins/Interchange/Runtime/Content/gltf/MaterialFunctions/MF_Temporal_Blur.uasset" 330
"../../../Engine/Plugins/Interchange/Runtime/Content/gltf/MaterialFunctions/MF_Temporal_Blur.uexp" 331
"../../../Engine/Plugins/Interchange/Runtime/Content/gltf/MaterialFunctions/MF_Fresnel_DS.uasset" 332
"../../../Engine/Plugins/Interchange/Runtime/Content/gltf/MaterialFunctions/MF_Fresnel_DS.uexp" 333
"../../../Engine/Content/Functions/Engine_MaterialFunctions02/Utility/BreakOutFloat3Components.uasset" 334
"../../../Engine/Content/Functions/Engine_MaterialFunctions02/Utility/BreakOutFloat3Components.uexp" 335
"../../../Engine/Plugins/Interchange/Runtime/Content/Functions/MX_Transmission.uasset" 336
"../../../Engine/Plugins/Interchange/Runtime/Content/Functions/MX_Transmission.uexp" 337
"../../../Engine/Plugins/Interchange/Runtime/Content/Functions/MF_OrenNayerView.uasset" 338
"../../../Engine/Plugins/Interchange/Runtime/Content/Functions/MF_OrenNayerView.uexp" 339
"../../../Engine/Plugins/Interchange/Runtime/Content/Functions/MF_SchlickApprox.uasset" 340
"../../../Engine/Plugins/Interchange/Runtime/Content/Functions/MF_SchlickApprox.uexp" 341
"../../../Engine/Plugins/Interchange/Runtime/Content/Utilities/New_LUT.uasset" 342
"../../../Engine/Plugins/Interchange/Runtime/Content/Utilities/New_LUT.uexp" 343
"../../../Engine/Content/Functions/Engine_MaterialFunctions03/Math/RemapValueRange.uasset" 344
"../../../Engine/Content/Functions/Engine_MaterialFunctions03/Math/RemapValueRange.uexp" 345
"../../../Engine/Plugins/Interchange/Runtime/Content/Functions/MF_Iridescence.uasset" 346
"../../../Engine/Plugins/Interchange/Runtime/Content/Functions/MF_Iridescence.uexp" 347
"../../../Engine/Plugins/Interchange/Runtime/Content/Functions/MX_StandardSurface.uasset" 348
"../../../Engine/Plugins/Interchange/Runtime/Content/Functions/MX_StandardSurface.uexp" 349
"../../../Engine/Plugins/Interchange/Runtime/Content/Functions/MX_TransmissionSurface.uasset" 350
"../../../Engine/Plugins/Interchange/Runtime/Content/Functions/MX_TransmissionSurface.uexp" 351
"../../../Engine/Plugins/Interchange/Runtime/Content/Functions/MX_OpenPBR_Translucent.uasset" 352
"../../../Engine/Plugins/Interchange/Runtime/Content/Functions/MX_OpenPBR_Translucent.uexp" 353
"../../../Engine/Plugins/Interchange/Runtime/Content/Functions/MX_OpenPBR_Opaque.uasset" 354
"../../../Engine/Plugins/Interchange/Runtime/Content/Functions/MX_OpenPBR_Opaque.uexp" 355
"../../../Engine/Plugins/Interchange/Runtime/Content/Functions/MX_MeasuredEDF.uasset" 356
"../../../Engine/Plugins/Interchange/Runtime/Content/Functions/MX_MeasuredEDF.uexp" 357
"../../../Engine/Plugins/Interchange/Runtime/Content/Functions/MX_GeneralizedSchlickBSDF.uasset" 358
"../../../Engine/Plugins/Interchange/Runtime/Content/Functions/MX_GeneralizedSchlickBSDF.uexp" 359
"../../../Engine/Plugins/Interchange/Runtime/Content/Functions/MX_DielectricBSDF.uasset" 360
"../../../Engine/Plugins/Interchange/Runtime/Content/Functions/MX_DielectricBSDF.uexp" 361
"../../../Engine/Plugins/Interchange/Runtime/Content/Functions/MX_ConicalEDF.uasset" 362
"../../../Engine/Plugins/Interchange/Runtime/Content/Functions/MX_ConicalEDF.uexp" 363
"../../../Engine/Plugins/Interchange/Runtime/Content/Functions/MX_ConductorBSDF.uasset" 364
"../../../Engine/Plugins/Interchange/Runtime/Content/Functions/MX_ConductorBSDF.uexp" 365
"../../../Engine/Plugins/Interchange/Runtime/Content/Functions/MX_BurleyDiffuseBSDF.uasset" 366
"../../../Engine/Plugins/Interchange/Runtime/Content/Functions/MX_BurleyDiffuseBSDF.uexp" 367
"../../../Engine/Plugins/Interchange/Runtime/Content/Functions/MX_AnisotropicVDF.uasset" 368
"../../../Engine/Plugins/Interchange/Runtime/Content/Functions/MX_AnisotropicVDF.uexp" 369
"../../../Engine/Plugins/Interchange/Runtime/Content/Functions/MX_AbsorptionVDF.uasset" 370
"../../../Engine/Plugins/Interchange/Runtime/Content/Functions/MX_AbsorptionVDF.uexp" 371
"../../../Engine/Plugins/Editor/SpeedTreeImporter/Content/SpeedTree9/game_wind_noise.ubulk" 372
"../../../Engine/Plugins/Editor/SpeedTreeImporter/Content/SpeedTree9/game_wind_noise.uasset" 373
"../../../Engine/Plugins/Editor/SpeedTreeImporter/Content/SpeedTree9/game_wind_noise.uexp" 374
"../../../Engine/Plugins/Editor/SpeedTreeImporter/Content/SpeedTree9/UnpackDirection.uasset" 375
"../../../Engine/Plugins/Editor/SpeedTreeImporter/Content/SpeedTree9/UnpackDirection.uexp" 376
"../../../Engine/Content/Functions/Engine_MaterialFunctions02/ObjectLocalBounds.uasset" 377
"../../../Engine/Content/Functions/Engine_MaterialFunctions02/ObjectLocalBounds.uexp" 378
"../../../Engine/Content/Functions/Engine_MaterialFunctions02/UVs/BoundingBoxBased_0-1_UVW.uasset" 379
"../../../Engine/Content/Functions/Engine_MaterialFunctions02/UVs/BoundingBoxBased_0-1_UVW.uexp" 380
"../../../Engine/Content/Functions/Engine_MaterialFunctions02/Utility/VectorLength.uasset" 381
"../../../Engine/Content/Functions/Engine_MaterialFunctions02/Utility/VectorLength.uexp" 382
"../../../Engine/Plugins/Editor/SpeedTreeImporter/Content/SpeedTree9/UnpackInteger3.uasset" 383
"../../../Engine/Plugins/Editor/SpeedTreeImporter/Content/SpeedTree9/UnpackInteger3.uexp" 384
"../../../Engine/Plugins/Editor/SpeedTreeImporter/Content/SpeedTree9/SpeedTreeCameraFacing.uasset" 385
"../../../Engine/Plugins/Editor/SpeedTreeImporter/Content/SpeedTree9/SpeedTreeCameraFacing.uexp" 386
"../../../Engine/Content/Functions/Engine_MaterialFunctions02/WorldPositionOffset/ObjectScale.uasset" 387
"../../../Engine/Content/Functions/Engine_MaterialFunctions02/WorldPositionOffset/ObjectScale.uexp" 388
"../../../Engine/Content/Functions/Engine_MaterialFunctions02/SafeNormalize.uasset" 389
"../../../Engine/Content/Functions/Engine_MaterialFunctions02/SafeNormalize.uexp" 390
"../../../Engine/Plugins/Editor/SpeedTreeImporter/Content/SpeedTree9/SpeedTreeWindMotion.uasset" 391
"../../../Engine/Plugins/Editor/SpeedTreeImporter/Content/SpeedTree9/SpeedTreeWindMotion.uexp" 392
"../../../Engine/Plugins/Editor/SpeedTreeImporter/Content/SpeedTree9/SpeedTreeBranchMotion.uasset" 393
"../../../Engine/Plugins/Editor/SpeedTreeImporter/Content/SpeedTree9/SpeedTreeBranchMotion.uexp" 394
"../../../Engine/Plugins/Editor/SpeedTreeImporter/Content/SpeedTree9/SpeedTreeWind.uasset" 395
"../../../Engine/Plugins/Editor/SpeedTreeImporter/Content/SpeedTree9/SpeedTreeWind.uexp" 396
"../../../Engine/Plugins/Editor/SpeedTreeImporter/Content/SpeedTree9/EmptyNormal.uasset" 397
"../../../Engine/Plugins/Editor/SpeedTreeImporter/Content/SpeedTree9/EmptyNormal.uexp" 398
"../../../Engine/Plugins/Editor/SpeedTreeImporter/Content/SpeedTree9/Empty.uasset" 399
"../../../Engine/Plugins/Editor/SpeedTreeImporter/Content/SpeedTree9/Empty.uexp" 400
"../../../Engine/Plugins/Editor/SpeedTreeImporter/Content/SpeedTree9/SpeedTreeMaster.uasset" 401
"../../../Engine/Plugins/Editor/SpeedTreeImporter/Content/SpeedTree9/SpeedTreeMaster.uexp" 402
"../../../Engine/Plugins/Editor/SpeedTreeImporter/Content/SpeedTree9/SpeedTreeBillboard.uasset" 403
"../../../Engine/Plugins/Editor/SpeedTreeImporter/Content/SpeedTree9/SpeedTreeBillboard.uexp" 404
"../../../Engine/Plugins/Editor/SpeedTreeImporter/Content/SpeedTree9/SpeedTreeBillboardMaster.uasset" 405
"../../../Engine/Plugins/Editor/SpeedTreeImporter/Content/SpeedTree9/SpeedTreeBillboardMaster.uexp" 406
"../../../Engine/Plugins/Animation/ControlRig/Content/Controls/ControlRig_Wedge_solid.ubulk" 407
"../../../Engine/Plugins/Animation/ControlRig/Content/Controls/ControlRig_Wedge_solid.uasset" 408
"../../../Engine/Plugins/Animation/ControlRig/Content/Controls/ControlRig_Wedge_solid.uexp" 409
"../../../Engine/Plugins/Animation/ControlRig/Content/Controls/ControlRig_Wedge_3mm.ubulk" 410
"../../../Engine/Plugins/Animation/ControlRig/Content/Controls/ControlRig_Wedge_3mm.uasset" 411
"../../../Engine/Plugins/Animation/ControlRig/Content/Controls/ControlRig_Wedge_3mm.uexp" 412
"../../../Engine/Plugins/Animation/ControlRig/Content/Controls/ControlRig_Wedge_1mm.ubulk" 413
"../../../Engine/Plugins/Animation/ControlRig/Content/Controls/ControlRig_Wedge_1mm.uasset" 414
"../../../Engine/Plugins/Animation/ControlRig/Content/Controls/ControlRig_Wedge_1mm.uexp" 415
"../../../Engine/Plugins/Animation/ControlRig/Content/Controls/ControlRig_Triangle_solid.ubulk" 416
"../../../Engine/Plugins/Animation/ControlRig/Content/Controls/ControlRig_Triangle_solid.uasset" 417
"../../../Engine/Plugins/Animation/ControlRig/Content/Controls/ControlRig_Triangle_solid.uexp" 418
"../../../Engine/Plugins/Animation/ControlRig/Content/Controls/ControlRig_Triangle_3mm.ubulk" 419
"../../../Engine/Plugins/Animation/ControlRig/Content/Controls/ControlRig_Triangle_3mm.uasset" 420
"../../../Engine/Plugins/Animation/ControlRig/Content/Controls/ControlRig_Triangle_3mm.uexp" 421
"../../../Engine/Plugins/Animation/ControlRig/Content/Controls/ControlRig_Triangle_1mm.ubulk" 422
"../../../Engine/Plugins/Animation/ControlRig/Content/Controls/ControlRig_Triangle_1mm.uasset" 423
"../../../Engine/Plugins/Animation/ControlRig/Content/Controls/ControlRig_Triangle_1mm.uexp" 424
"../../../Engine/Plugins/Animation/ControlRig/Content/Controls/ControlRig_Star4_solid.ubulk" 425
"../../../Engine/Plugins/Animation/ControlRig/Content/Controls/ControlRig_Star4_solid.uasset" 426
"../../../Engine/Plugins/Animation/ControlRig/Content/Controls/ControlRig_Star4_solid.uexp" 427
"../../../Engine/Plugins/Animation/ControlRig/Content/Controls/ControlRig_Star4_3mm.ubulk" 428
"../../../Engine/Plugins/Animation/ControlRig/Content/Controls/ControlRig_Star4_3mm.uasset" 429
"../../../Engine/Plugins/Animation/ControlRig/Content/Controls/ControlRig_Star4_3mm.uexp" 430
"../../../Engine/Plugins/Animation/ControlRig/Content/Controls/ControlRig_Star4_1mm.ubulk" 431
"../../../Engine/Plugins/Animation/ControlRig/Content/Controls/ControlRig_Star4_1mm.uasset" 432
"../../../Engine/Plugins/Animation/ControlRig/Content/Controls/ControlRig_Star4_1mm.uexp" 433
"../../../Engine/Plugins/Animation/ControlRig/Content/Controls/ControlRig_Square_solid.ubulk" 434
"../../../Engine/Plugins/Animation/ControlRig/Content/Controls/ControlRig_Square_solid.uasset" 435
"../../../Engine/Plugins/Animation/ControlRig/Content/Controls/ControlRig_Square_solid.uexp" 436
"../../../Engine/Plugins/Animation/ControlRig/Content/Controls/ControlRig_Square_3mm.ubulk" 437
"../../../Engine/Plugins/Animation/ControlRig/Content/Controls/ControlRig_Square_3mm.uasset" 438
"../../../Engine/Plugins/Animation/ControlRig/Content/Controls/ControlRig_Square_3mm.uexp" 439
"../../../Engine/Plugins/Animation/ControlRig/Content/Controls/ControlRig_Square_1mm.ubulk" 440
"../../../Engine/Plugins/Animation/ControlRig/Content/Controls/ControlRig_Square_1mm.uasset" 441
"../../../Engine/Plugins/Animation/ControlRig/Content/Controls/ControlRig_Square_1mm.uexp" 442
"../../../Engine/Plugins/Animation/ControlRig/Content/Controls/ControlRig_Sphere_solid.ubulk" 443
"../../../Engine/Plugins/Animation/ControlRig/Content/Controls/ControlRig_Sphere_solid.uasset" 444
"../../../Engine/Plugins/Animation/ControlRig/Content/Controls/ControlRig_Sphere_solid.uexp" 445
"../../../Engine/Plugins/Animation/ControlRig/Content/Controls/ControlRig_Sphere_3mm.ubulk" 446
"../../../Engine/Plugins/Animation/ControlRig/Content/Controls/ControlRig_Sphere_3mm.uasset" 447
"../../../Engine/Plugins/Animation/ControlRig/Content/Controls/ControlRig_Sphere_3mm.uexp" 448
"../../../Engine/Plugins/Animation/ControlRig/Content/Controls/ControlRig_Sphere_1mm.ubulk" 449
"../../../Engine/Plugins/Animation/ControlRig/Content/Controls/ControlRig_Sphere_1mm.uasset" 450
"../../../Engine/Plugins/Animation/ControlRig/Content/Controls/ControlRig_Sphere_1mm.uexp" 451
"../../../Engine/Plugins/Animation/ControlRig/Content/Controls/ControlRig_RoundedTriangle_solid.ubulk" 452
"../../../Engine/Plugins/Animation/ControlRig/Content/Controls/ControlRig_RoundedTriangle_solid.uasset" 453
"../../../Engine/Plugins/Animation/ControlRig/Content/Controls/ControlRig_RoundedTriangle_solid.uexp" 454
"../../../Engine/Plugins/Animation/ControlRig/Content/Controls/ControlRig_RoundedTriangle_3mm.ubulk" 455
"../../../Engine/Plugins/Animation/ControlRig/Content/Controls/ControlRig_RoundedTriangle_3mm.uasset" 456
"../../../Engine/Plugins/Animation/ControlRig/Content/Controls/ControlRig_RoundedTriangle_3mm.uexp" 457
"../../../Engine/Plugins/Animation/ControlRig/Content/Controls/ControlRig_RoundedTriangle_1mm.ubulk" 458
"../../../Engine/Plugins/Animation/ControlRig/Content/Controls/ControlRig_RoundedTriangle_1mm.uasset" 459
"../../../Engine/Plugins/Animation/ControlRig/Content/Controls/ControlRig_RoundedTriangle_1mm.uexp" 460
"../../../Engine/Plugins/Animation/ControlRig/Content/Controls/ControlRig_RoundedSquare_solid.ubulk" 461
"../../../Engine/Plugins/Animation/ControlRig/Content/Controls/ControlRig_RoundedSquare_solid.uasset" 462
"../../../Engine/Plugins/Animation/ControlRig/Content/Controls/ControlRig_RoundedSquare_solid.uexp" 463
"../../../Engine/Plugins/Animation/ControlRig/Content/Controls/ControlRig_RoundedSquare_3mm.ubulk" 464
"../../../Engine/Plugins/Animation/ControlRig/Content/Controls/ControlRig_RoundedSquare_3mm.uasset" 465
"../../../Engine/Plugins/Animation/ControlRig/Content/Controls/ControlRig_RoundedSquare_3mm.uexp" 466
"../../../Engine/Plugins/Animation/ControlRig/Content/Controls/ControlRig_RoundedSquare_1mm.ubulk" 467
"../../../Engine/Plugins/Animation/ControlRig/Content/Controls/ControlRig_RoundedSquare_1mm.uasset" 468
"../../../Engine/Plugins/Animation/ControlRig/Content/Controls/ControlRig_RoundedSquare_1mm.uexp" 469
"../../../Engine/Plugins/Animation/ControlRig/Content/Controls/ControlRig_QuarterCircle_solid.ubulk" 470
"../../../Engine/Plugins/Animation/ControlRig/Content/Controls/ControlRig_QuarterCircle_solid.uasset" 471
"../../../Engine/Plugins/Animation/ControlRig/Content/Controls/ControlRig_QuarterCircle_solid.uexp" 472
"../../../Engine/Plugins/Animation/ControlRig/Content/Controls/ControlRig_QuarterCircle_3mm.ubulk" 473
"../../../Engine/Plugins/Animation/ControlRig/Content/Controls/ControlRig_QuarterCircle_3mm.uasset" 474
"../../../Engine/Plugins/Animation/ControlRig/Content/Controls/ControlRig_QuarterCircle_3mm.uexp" 475
"../../../Engine/Plugins/Animation/ControlRig/Content/Controls/ControlRig_QuarterCircle_1mm.ubulk" 476
"../../../Engine/Plugins/Animation/ControlRig/Content/Controls/ControlRig_QuarterCircle_1mm.uasset" 477
"../../../Engine/Plugins/Animation/ControlRig/Content/Controls/ControlRig_QuarterCircle_1mm.uexp" 478
"../../../Engine/Plugins/Animation/ControlRig/Content/Controls/ControlRig_Pyramid_solid.ubulk" 479
"../../../Engine/Plugins/Animation/ControlRig/Content/Controls/ControlRig_Pyramid_solid.uasset" 480
"../../../Engine/Plugins/Animation/ControlRig/Content/Controls/ControlRig_Pyramid_solid.uexp" 481
"../../../Engine/Plugins/Animation/ControlRig/Content/Controls/ControlRig_Pyramid_3mm.ubulk" 482
"../../../Engine/Plugins/Animation/ControlRig/Content/Controls/ControlRig_Pyramid_3mm.uasset" 483
"../../../Engine/Plugins/Animation/ControlRig/Content/Controls/ControlRig_Pyramid_3mm.uexp" 484
"../../../Engine/Plugins/Animation/ControlRig/Content/Controls/ControlRig_Pyramid_1mm.ubulk" 485
"../../../Engine/Plugins/Animation/ControlRig/Content/Controls/ControlRig_Pyramid_1mm.uasset" 486
"../../../Engine/Plugins/Animation/ControlRig/Content/Controls/ControlRig_Pyramid_1mm.uexp" 487
"../../../Engine/Plugins/Animation/ControlRig/Content/Controls/ControlRig_Octagon_solid.ubulk" 488
"../../../Engine/Plugins/Animation/ControlRig/Content/Controls/ControlRig_Octagon_solid.uasset" 489
"../../../Engine/Plugins/Animation/ControlRig/Content/Controls/ControlRig_Octagon_solid.uexp" 490
"../../../Engine/Plugins/Animation/ControlRig/Content/Controls/ControlRig_Octagon_3mm.ubulk" 491
"../../../Engine/Plugins/Animation/ControlRig/Content/Controls/ControlRig_Octagon_3mm.uasset" 492
"../../../Engine/Plugins/Animation/ControlRig/Content/Controls/ControlRig_Octagon_3mm.uexp" 493
"../../../Engine/Plugins/Animation/ControlRig/Content/Controls/ControlRig_Octagon_1mm.ubulk" 494
"../../../Engine/Plugins/Animation/ControlRig/Content/Controls/ControlRig_Octagon_1mm.uasset" 495
"../../../Engine/Plugins/Animation/ControlRig/Content/Controls/ControlRig_Octagon_1mm.uexp" 496
"../../../Engine/Plugins/Animation/ControlRig/Content/Controls/ControlRig_Hexagon_solid.ubulk" 497
"../../../Engine/Plugins/Animation/ControlRig/Content/Controls/ControlRig_Hexagon_solid.uasset" 498
"../../../Engine/Plugins/Animation/ControlRig/Content/Controls/ControlRig_Hexagon_solid.uexp" 499
"../../../Engine/Plugins/Animation/ControlRig/Content/Controls/ControlRig_Hexagon_3mm.ubulk" 500
"../../../Engine/Plugins/Animation/ControlRig/Content/Controls/ControlRig_Hexagon_3mm.uasset" 501
"../../../Engine/Plugins/Animation/ControlRig/Content/Controls/ControlRig_Hexagon_3mm.uexp" 502
"../../../Engine/Plugins/Animation/ControlRig/Content/Controls/ControlRig_Hexagon_1mm.ubulk" 503
"../../../Engine/Plugins/Animation/ControlRig/Content/Controls/ControlRig_Hexagon_1mm.uasset" 504
"../../../Engine/Plugins/Animation/ControlRig/Content/Controls/ControlRig_Hexagon_1mm.uexp" 505
"../../../Engine/Plugins/Animation/ControlRig/Content/Controls/ControlRig_HalfCircle_solid.ubulk" 506
"../../../Engine/Plugins/Animation/ControlRig/Content/Controls/ControlRig_HalfCircle_solid.uasset" 507
"../../../Engine/Plugins/Animation/ControlRig/Content/Controls/ControlRig_HalfCircle_solid.uexp" 508
"../../../Engine/Plugins/Animation/ControlRig/Content/Controls/ControlRig_HalfCircle_3mm.ubulk" 509
"../../../Engine/Plugins/Animation/ControlRig/Content/Controls/ControlRig_HalfCircle_3mm.uasset" 510
"../../../Engine/Plugins/Animation/ControlRig/Content/Controls/ControlRig_HalfCircle_3mm.uexp" 511
"../../../Engine/Plugins/Animation/ControlRig/Content/Controls/ControlRig_HalfCircle_1mm.ubulk" 512
"../../../Engine/Plugins/Animation/ControlRig/Content/Controls/ControlRig_HalfCircle_1mm.uasset" 513
"../../../Engine/Plugins/Animation/ControlRig/Content/Controls/ControlRig_HalfCircle_1mm.uexp" 514
"../../../Engine/Plugins/Animation/ControlRig/Content/Controls/ControlRig_Diamond_solid.ubulk" 515
"../../../Engine/Plugins/Animation/ControlRig/Content/Controls/ControlRig_Diamond_solid.uasset" 516
"../../../Engine/Plugins/Animation/ControlRig/Content/Controls/ControlRig_Diamond_solid.uexp" 517
"../../../Engine/Plugins/Animation/ControlRig/Content/Controls/ControlRig_Diamond_3mm.ubulk" 518
"../../../Engine/Plugins/Animation/ControlRig/Content/Controls/ControlRig_Diamond_3mm.uasset" 519
"../../../Engine/Plugins/Animation/ControlRig/Content/Controls/ControlRig_Diamond_3mm.uexp" 520
"../../../Engine/Plugins/Animation/ControlRig/Content/Controls/ControlRig_Diamond_1mm.ubulk" 521
"../../../Engine/Plugins/Animation/ControlRig/Content/Controls/ControlRig_Diamond_1mm.uasset" 522
"../../../Engine/Plugins/Animation/ControlRig/Content/Controls/ControlRig_Diamond_1mm.uexp" 523
"../../../Engine/Plugins/Animation/ControlRig/Content/Controls/ControlRig_Circle_solid.ubulk" 524
"../../../Engine/Plugins/Animation/ControlRig/Content/Controls/ControlRig_Circle_solid.uasset" 525
"../../../Engine/Plugins/Animation/ControlRig/Content/Controls/ControlRig_Circle_solid.uexp" 526
"../../../Engine/Plugins/Animation/ControlRig/Content/Controls/ControlRig_Circle_3mm.ubulk" 527
"../../../Engine/Plugins/Animation/ControlRig/Content/Controls/ControlRig_Circle_3mm.uasset" 528
"../../../Engine/Plugins/Animation/ControlRig/Content/Controls/ControlRig_Circle_3mm.uexp" 529
"../../../Engine/Plugins/Animation/ControlRig/Content/Controls/ControlRig_Circle_1mm.ubulk" 530
"../../../Engine/Plugins/Animation/ControlRig/Content/Controls/ControlRig_Circle_1mm.uasset" 531
"../../../Engine/Plugins/Animation/ControlRig/Content/Controls/ControlRig_Circle_1mm.uexp" 532
"../../../Engine/Plugins/Animation/ControlRig/Content/Controls/ControlRig_Box_solid.ubulk" 533
"../../../Engine/Plugins/Animation/ControlRig/Content/Controls/ControlRig_Box_solid.uasset" 534
"../../../Engine/Plugins/Animation/ControlRig/Content/Controls/ControlRig_Box_solid.uexp" 535
"../../../Engine/Plugins/Animation/ControlRig/Content/Controls/ControlRig_Box_3mm.ubulk" 536
"../../../Engine/Plugins/Animation/ControlRig/Content/Controls/ControlRig_Box_3mm.uasset" 537
"../../../Engine/Plugins/Animation/ControlRig/Content/Controls/ControlRig_Box_3mm.uexp" 538
"../../../Engine/Plugins/Animation/ControlRig/Content/Controls/ControlRig_Box_1mm.ubulk" 539
"../../../Engine/Plugins/Animation/ControlRig/Content/Controls/ControlRig_Box_1mm.uasset" 540
"../../../Engine/Plugins/Animation/ControlRig/Content/Controls/ControlRig_Box_1mm.uexp" 541
"../../../Engine/Plugins/Animation/ControlRig/Content/Controls/ControlRig_Arrow_solid.ubulk" 542
"../../../Engine/Plugins/Animation/ControlRig/Content/Controls/ControlRig_Arrow_solid.uasset" 543
"../../../Engine/Plugins/Animation/ControlRig/Content/Controls/ControlRig_Arrow_solid.uexp" 544
"../../../Engine/Plugins/Animation/ControlRig/Content/Controls/ControlRig_Arrow_3mm.ubulk" 545
"../../../Engine/Plugins/Animation/ControlRig/Content/Controls/ControlRig_Arrow_3mm.uasset" 546
"../../../Engine/Plugins/Animation/ControlRig/Content/Controls/ControlRig_Arrow_3mm.uexp" 547
"../../../Engine/Plugins/Animation/ControlRig/Content/Controls/ControlRig_Arrow_1mm.ubulk" 548
"../../../Engine/Plugins/Animation/ControlRig/Content/Controls/ControlRig_Arrow_1mm.uasset" 549
"../../../Engine/Plugins/Animation/ControlRig/Content/Controls/ControlRig_Arrow_1mm.uexp" 550
"../../../Engine/Plugins/Animation/ControlRig/Content/Controls/ControlRig_Arrow4_solid.ubulk" 551
"../../../Engine/Plugins/Animation/ControlRig/Content/Controls/ControlRig_Arrow4_solid.uasset" 552
"../../../Engine/Plugins/Animation/ControlRig/Content/Controls/ControlRig_Arrow4_solid.uexp" 553
"../../../Engine/Plugins/Animation/ControlRig/Content/Controls/ControlRig_Arrow4_3mm.ubulk" 554
"../../../Engine/Plugins/Animation/ControlRig/Content/Controls/ControlRig_Arrow4_3mm.uasset" 555
"../../../Engine/Plugins/Animation/ControlRig/Content/Controls/ControlRig_Arrow4_3mm.uexp" 556
"../../../Engine/Plugins/Animation/ControlRig/Content/Controls/ControlRig_Arrow4_1mm.ubulk" 557
"../../../Engine/Plugins/Animation/ControlRig/Content/Controls/ControlRig_Arrow4_1mm.uasset" 558
"../../../Engine/Plugins/Animation/ControlRig/Content/Controls/ControlRig_Arrow4_1mm.uexp" 559
"../../../Engine/Plugins/Animation/ControlRig/Content/Controls/ControlRig_Arrow2_solid.ubulk" 560
"../../../Engine/Plugins/Animation/ControlRig/Content/Controls/ControlRig_Arrow2_solid.uasset" 561
"../../../Engine/Plugins/Animation/ControlRig/Content/Controls/ControlRig_Arrow2_solid.uexp" 562
"../../../Engine/Plugins/Animation/ControlRig/Content/Controls/ControlRig_Arrow2_3mm.ubulk" 563
"../../../Engine/Plugins/Animation/ControlRig/Content/Controls/ControlRig_Arrow2_3mm.uasset" 564
"../../../Engine/Plugins/Animation/ControlRig/Content/Controls/ControlRig_Arrow2_3mm.uexp" 565
"../../../Engine/Plugins/Animation/ControlRig/Content/Controls/ControlRig_Arrow2_1mm.ubulk" 566
"../../../Engine/Plugins/Animation/ControlRig/Content/Controls/ControlRig_Arrow2_1mm.uasset" 567
"../../../Engine/Plugins/Animation/ControlRig/Content/Controls/ControlRig_Arrow2_1mm.uexp" 568
"../../../Engine/Plugins/Animation/ControlRig/Content/Controls/ControlRigXRayMaterial.uasset" 569
"../../../Engine/Plugins/Animation/ControlRig/Content/Controls/ControlRigXRayMaterial.uexp" 570
"../../../Engine/Plugins/Animation/ControlRig/Content/Controls/ControlRigGizmoMaterial.uasset" 571
"../../../Engine/Plugins/Animation/ControlRig/Content/Controls/ControlRigGizmoMaterial.uexp" 572
"../../../Engine/Content/VREditor/TransformGizmo/StartRotationHandleIndicator.ubulk" 573
"../../../Engine/Content/VREditor/TransformGizmo/StartRotationHandleIndicator.uasset" 574
"../../../Engine/Content/VREditor/TransformGizmo/StartRotationHandleIndicator.uexp" 575
"../../../Engine/Content/VREditor/Sounds/UI/Drop_Item_From_ContentBrowser.ubulk" 576
"../../../Engine/Content/VREditor/Sounds/UI/Drop_Item_From_ContentBrowser.uasset" 577
"../../../Engine/Content/VREditor/Sounds/UI/Drop_Item_From_ContentBrowser.uexp" 578
"../../../Engine/Content/VREditor/TransformGizmo/PlaneTranslationHandle.ubulk" 579
"../../../Engine/Content/VREditor/TransformGizmo/PlaneTranslationHandle.uasset" 580
"../../../Engine/Content/VREditor/TransformGizmo/PlaneTranslationHandle.uexp" 581
"../../../Engine/Content/VREditor/Sounds/UI/Object_Snaps_To_Grid.ubulk" 582
"../../../Engine/Content/VREditor/Sounds/UI/Object_Snaps_To_Grid.uasset" 583
"../../../Engine/Content/VREditor/Sounds/UI/Object_Snaps_To_Grid.uexp" 584
"../../../Engine/Content/VREditor/Sounds/UI/Selection_Changes.ubulk" 585
"../../../Engine/Content/VREditor/Sounds/UI/Selection_Changes.uasset" 586
"../../../Engine/Content/VREditor/Sounds/UI/Selection_Changes.uexp" 587
"../../../Engine/Content/VREditor/Sounds/UI/Object_Snaps_To_Another_Actor.ubulk" 588
"../../../Engine/Content/VREditor/Sounds/UI/Object_Snaps_To_Another_Actor.uasset" 589
"../../../Engine/Content/VREditor/Sounds/UI/Object_Snaps_To_Another_Actor.uexp" 590
"../../../Engine/Content/VREditor/TransformGizmo/TranslucentTransformGizmoMaterial_Inst.uasset" 591
"../../../Engine/Content/VREditor/TransformGizmo/TranslucentTransformGizmoMaterial_Inst.uexp" 592
"../../../Engine/Content/VREditor/TransformGizmo/TransformGizmoFreeRotation.ubulk" 593
"../../../Engine/Content/VREditor/TransformGizmo/TransformGizmoFreeRotation.uasset" 594
"../../../Engine/Content/VREditor/TransformGizmo/TransformGizmoFreeRotation.uexp" 595
"../../../Engine/Content/VREditor/Sounds/UI/Scaling_Down.ubulk" 596
"../../../Engine/Content/VREditor/Sounds/UI/Scaling_Down.uasset" 597
"../../../Engine/Content/VREditor/Sounds/UI/Scaling_Down.uexp" 598
"../../../Engine/Content/Functions/Engine_MaterialFunctions02/Math/Transform3x3Matrix.uasset" 599
"../../../Engine/Content/Functions/Engine_MaterialFunctions02/Math/Transform3x3Matrix.uexp" 600
"../../../Engine/Content/Functions/Engine_MaterialFunctions02/SplitComponents.uasset" 601
"../../../Engine/Content/Functions/Engine_MaterialFunctions02/SplitComponents.uexp" 602
"../../../Engine/Content/Functions/Engine_MaterialFunctions02/Utility/MakeFloat3.uasset" 603
"../../../Engine/Content/Functions/Engine_MaterialFunctions02/Utility/MakeFloat3.uexp" 604
"../../../Engine/Content/VREditor/SnapGrid/SnapGridMaterial.uasset" 605
"../../../Engine/Content/VREditor/SnapGrid/SnapGridMaterial.uexp" 606
"../../../Engine/Content/VREditor/SnapGrid/SnapGridPlaneMesh.ubulk" 607
"../../../Engine/Content/VREditor/SnapGrid/SnapGridPlaneMesh.uasset" 608
"../../../Engine/Content/VREditor/SnapGrid/SnapGridPlaneMesh.uexp" 609
"../../../Engine/Content/VREditor/Sounds/UI/Scaling_Up.ubulk" 610
"../../../Engine/Content/VREditor/Sounds/UI/Scaling_Up.uasset" 611
"../../../Engine/Content/VREditor/Sounds/UI/Scaling_Up.uexp" 612
"../../../Engine/Content/VREditor/TransformGizmo/TransformGizmoMaterial_Inst.uasset" 613
"../../../Engine/Content/VREditor/TransformGizmo/TransformGizmoMaterial_Inst.uexp" 614
"../../../Engine/Content/VREditor/Sounds/UI/Gizmo_Handle_Clicked.ubulk" 615
"../../../Engine/Content/VREditor/Sounds/UI/Gizmo_Handle_Clicked.uasset" 616
"../../../Engine/Content/VREditor/Sounds/UI/Gizmo_Handle_Clicked.uexp" 617
"../../../Engine/Content/VREditor/TransformGizmo/RotationHandleQuarter.ubulk" 618
"../../../Engine/Content/VREditor/TransformGizmo/RotationHandleQuarter.uasset" 619
"../../../Engine/Content/VREditor/TransformGizmo/RotationHandleQuarter.uexp" 620
"../../../Engine/Content/VREditor/TransformGizmo/TranslateArrowHandle.ubulk" 621
"../../../Engine/Content/VREditor/TransformGizmo/TranslateArrowHandle.uasset" 622
"../../../Engine/Content/VREditor/TransformGizmo/TranslateArrowHandle.uexp" 623
"../../../Engine/Content/VREditor/TransformGizmo/RotationHandleIndicator.ubulk" 624
"../../../Engine/Content/VREditor/TransformGizmo/RotationHandleIndicator.uasset" 625
"../../../Engine/Content/VREditor/TransformGizmo/RotationHandleIndicator.uexp" 626
"../../../Engine/Content/VREditor/TransformGizmo/UniformScaleHandle.ubulk" 627
"../../../Engine/Content/VREditor/TransformGizmo/UniformScaleHandle.uasset" 628
"../../../Engine/Content/VREditor/TransformGizmo/UniformScaleHandle.uexp" 629
"../../../Engine/Content/VREditor/TransformGizmo/RotationHandleFull.ubulk" 630
"../../../Engine/Content/VREditor/TransformGizmo/RotationHandleFull.uasset" 631
"../../../Engine/Content/VREditor/TransformGizmo/RotationHandleFull.uexp" 632
"../../../Engine/Content/VREditor/Sounds/UI/Object_PickUp.ubulk" 633
"../../../Engine/Content/VREditor/Sounds/UI/Object_PickUp.uasset" 634
"../../../Engine/Content/VREditor/Sounds/UI/Object_PickUp.uexp" 635
"../../../Engine/Content/EngineSounds/Master.uasset" 636
"../../../Engine/Content/EngineSounds/Master.uexp" 637
"../../../Engine/Plugins/Interchange/Runtime/Content/gltf/MaterialFunctions/MF_RotateV2.uasset" 638
"../../../Engine/Plugins/Interchange/Runtime/Content/gltf/MaterialFunctions/MF_RotateV2.uexp" 639
"../../../Engine/Plugins/Interchange/Runtime/Content/gltf/MaterialFunctions/MF_TransformUVs.uasset" 640
"../../../Engine/Plugins/Interchange/Runtime/Content/gltf/MaterialFunctions/MF_TransformUVs.uexp" 641
"../../../Engine/Plugins/Interchange/Runtime/Content/gltf/Textures/T_White_srgb.uasset" 642
"../../../Engine/Plugins/Interchange/Runtime/Content/gltf/Textures/T_White_srgb.uexp" 643
"../../../Engine/Plugins/Interchange/Runtime/Content/gltf/MaterialFunctions/MF_BaseColor.uasset" 644
"../../../Engine/Plugins/Interchange/Runtime/Content/gltf/MaterialFunctions/MF_BaseColor.uexp" 645
"../../../Engine/Plugins/Interchange/Runtime/Content/gltf/MaterialBodies/MF_Unlit_Body.uasset" 646
"../../../Engine/Plugins/Interchange/Runtime/Content/gltf/MaterialBodies/MF_Unlit_Body.uexp" 647
"../../../Engine/Plugins/Interchange/Runtime/Content/gltf/M_Unlit.uasset" 648
"../../../Engine/Plugins/Interchange/Runtime/Content/gltf/M_Unlit.uexp" 649
"../../../Engine/Plugins/Interchange/Runtime/Content/gltf/MaterialInstances/MI_Unlit_Opaque_DS.uasset" 650
"../../../Engine/Plugins/Interchange/Runtime/Content/gltf/MaterialInstances/MI_Unlit_Opaque_DS.uexp" 651
"../../../Engine/Plugins/Interchange/Runtime/Content/gltf/MaterialInstances/MI_Unlit_Opaque.uasset" 652
"../../../Engine/Plugins/Interchange/Runtime/Content/gltf/MaterialInstances/MI_Unlit_Opaque.uexp" 653
"../../../Engine/Plugins/Interchange/Runtime/Content/gltf/MaterialInstances/MI_Unlit_Mask_DS.uasset" 654
"../../../Engine/Plugins/Interchange/Runtime/Content/gltf/MaterialInstances/MI_Unlit_Mask_DS.uexp" 655
"../../../Engine/Plugins/Interchange/Runtime/Content/gltf/MaterialInstances/MI_Unlit_Mask.uasset" 656
"../../../Engine/Plugins/Interchange/Runtime/Content/gltf/MaterialInstances/MI_Unlit_Mask.uexp" 657
"../../../Engine/Plugins/Interchange/Runtime/Content/gltf/MaterialInstances/MI_Unlit_Blend_DS.uasset" 658
"../../../Engine/Plugins/Interchange/Runtime/Content/gltf/MaterialInstances/MI_Unlit_Blend_DS.uexp" 659
"../../../Engine/Plugins/Interchange/Runtime/Content/gltf/MaterialInstances/MI_Unlit_Blend.uasset" 660
"../../../Engine/Plugins/Interchange/Runtime/Content/gltf/MaterialInstances/MI_Unlit_Blend.uexp" 661
"../../../Engine/Plugins/Interchange/Runtime/Content/gltf/MaterialFunctions/MF_Iridescence.uasset" 662
"../../../Engine/Plugins/Interchange/Runtime/Content/gltf/MaterialFunctions/MF_Iridescence.uexp" 663
"../../../Engine/Plugins/Interchange/Runtime/Content/gltf/Textures/T_White_Linear.uasset" 664
"../../../Engine/Plugins/Interchange/Runtime/Content/gltf/Textures/T_White_Linear.uexp" 665
"../../../Engine/Plugins/Interchange/Runtime/Content/gltf/MaterialFunctions/MF_MetallicRoughness.uasset" 666
"../../../Engine/Plugins/Interchange/Runtime/Content/gltf/MaterialFunctions/MF_MetallicRoughness.uexp" 667
"../../../Engine/Plugins/Interchange/Runtime/Content/gltf/MaterialFunctions/MF_Transmission.uasset" 668
"../../../Engine/Plugins/Interchange/Runtime/Content/gltf/MaterialFunctions/MF_Transmission.uexp" 669
"../../../Engine/Plugins/Interchange/Runtime/Content/gltf/MaterialFunctions/MF_Occlusion.uasset" 670
"../../../Engine/Plugins/Interchange/Runtime/Content/gltf/MaterialFunctions/MF_Occlusion.uexp" 671
"../../../Engine/Plugins/Interchange/Runtime/Content/gltf/MaterialFunctions/MF_Specular.uasset" 672
"../../../Engine/Plugins/Interchange/Runtime/Content/gltf/MaterialFunctions/MF_Specular.uexp" 673
"../../../Engine/Plugins/Interchange/Runtime/Content/gltf/MaterialFunctions/MF_IOR.uasset" 674
"../../../Engine/Plugins/Interchange/Runtime/Content/gltf/MaterialFunctions/MF_IOR.uexp" 675
"../../../Engine/Plugins/Interchange/Runtime/Content/gltf/MaterialFunctions/MF_RotateNormals_TS.uasset" 676
"../../../Engine/Plugins/Interchange/Runtime/Content/gltf/MaterialFunctions/MF_RotateNormals_TS.uexp" 677
"../../../Engine/Plugins/Interchange/Runtime/Content/gltf/Textures/T_Generic_N.uasset" 678
"../../../Engine/Plugins/Interchange/Runtime/Content/gltf/Textures/T_Generic_N.uexp" 679
"../../../Engine/Plugins/Interchange/Runtime/Content/gltf/MaterialFunctions/MF_Normals.uasset" 680
"../../../Engine/Plugins/Interchange/Runtime/Content/gltf/MaterialFunctions/MF_Normals.uexp" 681
"../../../Engine/Plugins/Interchange/Runtime/Content/gltf/MaterialBodies/MF_Transmission_Body.uasset" 682
"../../../Engine/Plugins/Interchange/Runtime/Content/gltf/MaterialBodies/MF_Transmission_Body.uexp" 683
"../../../Engine/Plugins/Interchange/Runtime/Content/gltf/M_Transmission.uasset" 684
"../../../Engine/Plugins/Interchange/Runtime/Content/gltf/M_Transmission.uexp" 685
"../../../Engine/Plugins/Interchange/Runtime/Content/gltf/MaterialInstances/MI_Transmission_DS.uasset" 686
"../../../Engine/Plugins/Interchange/Runtime/Content/gltf/MaterialInstances/MI_Transmission_DS.uexp" 687
"../../../Engine/Plugins/Interchange/Runtime/Content/gltf/MaterialInstances/MI_Transmission.uasset" 688
"../../../Engine/Plugins/Interchange/Runtime/Content/gltf/MaterialInstances/MI_Transmission.uexp" 689
"../../../Engine/Plugins/Interchange/Runtime/Content/gltf/MaterialFunctions/MF_DiffuseSpecGloss.uasset" 690
"../../../Engine/Plugins/Interchange/Runtime/Content/gltf/MaterialFunctions/MF_DiffuseSpecGloss.uexp" 691
"../../../Engine/Content/Functions/Engine_MaterialFunctions02/Math/AddComponents.uasset" 692
"../../../Engine/Content/Functions/Engine_MaterialFunctions02/Math/AddComponents.uexp" 693
"../../../Engine/Plugins/Interchange/Runtime/Content/gltf/MaterialFunctions/MF_PerceivedBrightness.uasset" 694
"../../../Engine/Plugins/Interchange/Runtime/Content/gltf/MaterialFunctions/MF_PerceivedBrightness.uexp" 695
"../../../Engine/Plugins/Interchange/Runtime/Content/gltf/MaterialFunctions/MF_Emissive.uasset" 696
"../../../Engine/Plugins/Interchange/Runtime/Content/gltf/MaterialFunctions/MF_Emissive.uexp" 697
"../../../Engine/Plugins/Interchange/Runtime/Content/gltf/MaterialFunctions/MF_SpecGlossToMetalRoughness.uasset" 698
"../../../Engine/Plugins/Interchange/Runtime/Content/gltf/MaterialFunctions/MF_SpecGlossToMetalRoughness.uexp" 699
"../../../Engine/Plugins/Interchange/Runtime/Content/gltf/MaterialBodies/MF_SpecularGlossiness_Body.uasset" 700
"../../../Engine/Plugins/Interchange/Runtime/Content/gltf/MaterialBodies/MF_SpecularGlossiness_Body.uexp" 701
"../../../Engine/Plugins/Interchange/Runtime/Content/gltf/M_SpecularGlossiness.uasset" 702
"../../../Engine/Plugins/Interchange/Runtime/Content/gltf/M_SpecularGlossiness.uexp" 703
"../../../Engine/Plugins/Interchange/Runtime/Content/gltf/MaterialInstances/MI_SpecularGlossiness_Opaque_DS.uasset" 704
"../../../Engine/Plugins/Interchange/Runtime/Content/gltf/MaterialInstances/MI_SpecularGlossiness_Opaque_DS.uexp" 705
"../../../Engine/Plugins/Interchange/Runtime/Content/gltf/MaterialInstances/MI_SpecularGlossiness_Opaque.uasset" 706
"../../../Engine/Plugins/Interchange/Runtime/Content/gltf/MaterialInstances/MI_SpecularGlossiness_Opaque.uexp" 707
"../../../Engine/Plugins/Interchange/Runtime/Content/gltf/MaterialInstances/MI_SpecularGlossiness_Mask_DS.uasset" 708
"../../../Engine/Plugins/Interchange/Runtime/Content/gltf/MaterialInstances/MI_SpecularGlossiness_Mask_DS.uexp" 709
"../../../Engine/Plugins/Interchange/Runtime/Content/gltf/MaterialInstances/MI_SpecularGlossiness_Mask.uasset" 710
"../../../Engine/Plugins/Interchange/Runtime/Content/gltf/MaterialInstances/MI_SpecularGlossiness_Mask.uexp" 711
"../../../Engine/Plugins/Interchange/Runtime/Content/gltf/MaterialInstances/MI_SpecularGlossiness_Blend_DS.uasset" 712
"../../../Engine/Plugins/Interchange/Runtime/Content/gltf/MaterialInstances/MI_SpecularGlossiness_Blend_DS.uexp" 713
"../../../Engine/Plugins/Interchange/Runtime/Content/gltf/MaterialInstances/MI_SpecularGlossiness_Blend.uasset" 714
"../../../Engine/Plugins/Interchange/Runtime/Content/gltf/MaterialInstances/MI_SpecularGlossiness_Blend.uexp" 715
"../../../Engine/Plugins/Interchange/Runtime/Content/gltf/MaterialFunctions/MF_Sheen.uasset" 716
"../../../Engine/Plugins/Interchange/Runtime/Content/gltf/MaterialFunctions/MF_Sheen.uexp" 717
"../../../Engine/Plugins/Interchange/Runtime/Content/gltf/MaterialBodies/MF_Sheen_Body.uasset" 718
"../../../Engine/Plugins/Interchange/Runtime/Content/gltf/MaterialBodies/MF_Sheen_Body.uexp" 719
"../../../Engine/Plugins/Interchange/Runtime/Content/gltf/M_Sheen.uasset" 720
"../../../Engine/Plugins/Interchange/Runtime/Content/gltf/M_Sheen.uexp" 721
"../../../Engine/Plugins/Interchange/Runtime/Content/gltf/MaterialInstances/MI_Sheen_Opaque_DS.uasset" 722
"../../../Engine/Plugins/Interchange/Runtime/Content/gltf/MaterialInstances/MI_Sheen_Opaque_DS.uexp" 723
"../../../Engine/Plugins/Interchange/Runtime/Content/gltf/MaterialInstances/MI_Sheen_Opaque.uasset" 724
"../../../Engine/Plugins/Interchange/Runtime/Content/gltf/MaterialInstances/MI_Sheen_Opaque.uexp" 725
"../../../Engine/Plugins/Interchange/Runtime/Content/gltf/MaterialInstances/MI_Sheen_Mask_DS.uasset" 726
"../../../Engine/Plugins/Interchange/Runtime/Content/gltf/MaterialInstances/MI_Sheen_Mask_DS.uexp" 727
"../../../Engine/Plugins/Interchange/Runtime/Content/gltf/MaterialInstances/MI_Sheen_Mask.uasset" 728
"../../../Engine/Plugins/Interchange/Runtime/Content/gltf/MaterialInstances/MI_Sheen_Mask.uexp" 729
"../../../Engine/Plugins/Interchange/Runtime/Content/gltf/MaterialInstances/MI_Sheen_Blend_DS.uasset" 730
"../../../Engine/Plugins/Interchange/Runtime/Content/gltf/MaterialInstances/MI_Sheen_Blend_DS.uexp" 731
"../../../Engine/Plugins/Interchange/Runtime/Content/gltf/MaterialInstances/MI_Sheen_Blend.uasset" 732
"../../../Engine/Plugins/Interchange/Runtime/Content/gltf/MaterialInstances/MI_Sheen_Blend.uexp" 733
"../../../Engine/Plugins/Interchange/Runtime/Content/gltf/MaterialBodies/MF_Default_Body.uasset" 734
"../../../Engine/Plugins/Interchange/Runtime/Content/gltf/MaterialBodies/MF_Default_Body.uexp" 735
"../../../Engine/Plugins/Interchange/Runtime/Content/gltf/M_Default.uasset" 736
"../../../Engine/Plugins/Interchange/Runtime/Content/gltf/M_Default.uexp" 737
"../../../Engine/Plugins/Interchange/Runtime/Content/gltf/MaterialInstances/MI_Default_Opaque_DS.uasset" 738
"../../../Engine/Plugins/Interchange/Runtime/Content/gltf/MaterialInstances/MI_Default_Opaque_DS.uexp" 739
"../../../Engine/Plugins/Interchange/Runtime/Content/gltf/MaterialInstances/MI_Default_Opaque.uasset" 740
"../../../Engine/Plugins/Interchange/Runtime/Content/gltf/MaterialInstances/MI_Default_Opaque.uexp" 741
"../../../Engine/Plugins/Interchange/Runtime/Content/gltf/MaterialInstances/MI_Default_Mask_DS.uasset" 742
"../../../Engine/Plugins/Interchange/Runtime/Content/gltf/MaterialInstances/MI_Default_Mask_DS.uexp" 743
"../../../Engine/Plugins/Interchange/Runtime/Content/gltf/MaterialInstances/MI_Default_Mask.uasset" 744
"../../../Engine/Plugins/Interchange/Runtime/Content/gltf/MaterialInstances/MI_Default_Mask.uexp" 745
"../../../Engine/Plugins/Interchange/Runtime/Content/gltf/MaterialInstances/MI_Default_Blend_DS.uasset" 746
"../../../Engine/Plugins/Interchange/Runtime/Content/gltf/MaterialInstances/MI_Default_Blend_DS.uexp" 747
"../../../Engine/Plugins/Interchange/Runtime/Content/gltf/MaterialInstances/MI_Default_Blend.uasset" 748
"../../../Engine/Plugins/Interchange/Runtime/Content/gltf/MaterialInstances/MI_Default_Blend.uexp" 749
"../../../Engine/Content/Functions/Engine_MaterialFunctions01/Texturing/FlattenNormal.uasset" 750
"../../../Engine/Content/Functions/Engine_MaterialFunctions01/Texturing/FlattenNormal.uexp" 751
"../../../Engine/Plugins/Interchange/Runtime/Content/gltf/MaterialFunctions/MF_Clearcoat.uasset" 752
"../../../Engine/Plugins/Interchange/Runtime/Content/gltf/MaterialFunctions/MF_Clearcoat.uexp" 753
"../../../Engine/Plugins/Interchange/Runtime/Content/gltf/MaterialBodies/MF_ClearCoat_Body.uasset" 754
"../../../Engine/Plugins/Interchange/Runtime/Content/gltf/MaterialBodies/MF_ClearCoat_Body.uexp" 755
"../../../Engine/Plugins/Interchange/Runtime/Content/gltf/M_ClearCoat.uasset" 756
"../../../Engine/Plugins/Interchange/Runtime/Content/gltf/M_ClearCoat.uexp" 757
"../../../Engine/Plugins/Interchange/Runtime/Content/gltf/MaterialInstances/MI_ClearCoat_Opaque_DS.uasset" 758
"../../../Engine/Plugins/Interchange/Runtime/Content/gltf/MaterialInstances/MI_ClearCoat_Opaque_DS.uexp" 759
"../../../Engine/Plugins/Interchange/Runtime/Content/gltf/MaterialInstances/MI_ClearCoat_Opaque.uasset" 760
"../../../Engine/Plugins/Interchange/Runtime/Content/gltf/MaterialInstances/MI_ClearCoat_Opaque.uexp" 761
"../../../Engine/Plugins/Interchange/Runtime/Content/gltf/MaterialInstances/MI_ClearCoat_Mask_DS.uasset" 762
"../../../Engine/Plugins/Interchange/Runtime/Content/gltf/MaterialInstances/MI_ClearCoat_Mask_DS.uexp" 763
"../../../Engine/Plugins/Interchange/Runtime/Content/gltf/MaterialInstances/MI_ClearCoat_Mask.uasset" 764
"../../../Engine/Plugins/Interchange/Runtime/Content/gltf/MaterialInstances/MI_ClearCoat_Mask.uexp" 765
"../../../Engine/Plugins/Interchange/Runtime/Content/gltf/MaterialInstances/MI_ClearCoat_Blend_DS.uasset" 766
"../../../Engine/Plugins/Interchange/Runtime/Content/gltf/MaterialInstances/MI_ClearCoat_Blend_DS.uexp" 767
"../../../Engine/Plugins/Interchange/Runtime/Content/gltf/MaterialInstances/MI_ClearCoat_Blend.uasset" 768
"../../../Engine/Plugins/Interchange/Runtime/Content/gltf/MaterialInstances/MI_ClearCoat_Blend.uexp" 769
"../../../Engine/Content/MobileResources/HUD/VirtualJoystick_Background.uasset" 770
"../../../Engine/Content/MobileResources/HUD/VirtualJoystick_Background.uexp" 771
"../../../Engine/Content/MobileResources/HUD/VirtualJoystick_Thumb.uasset" 772
"../../../Engine/Content/MobileResources/HUD/VirtualJoystick_Thumb.uexp" 773
"../../../Engine/Content/MobileResources/HUD/DefaultVirtualJoysticks.uasset" 774
"../../../Engine/Content/MobileResources/HUD/DefaultVirtualJoysticks.uexp" 775
"../../../Engine/Content/EngineSky/VolumetricClouds/CloudWeatherTexture.uasset" 776
"../../../Engine/Content/EngineSky/VolumetricClouds/CloudWeatherTexture.uexp" 777
"../../../Engine/Content/Functions/Engine_MaterialFunctions02/Utility/MakeFloat2.uasset" 778
"../../../Engine/Content/Functions/Engine_MaterialFunctions02/Utility/MakeFloat2.uexp" 779
"../../../Engine/Content/EngineSky/VolumetricClouds/CloudGradientTexture.uasset" 780
"../../../Engine/Content/EngineSky/VolumetricClouds/CloudGradientTexture.uexp" 781
"../../../Engine/Content/EngineSky/VolumetricClouds/T_NoiseShape64.ubulk" 782
"../../../Engine/Content/EngineSky/VolumetricClouds/T_NoiseShape64.uasset" 783
"../../../Engine/Content/EngineSky/VolumetricClouds/T_NoiseShape64.uexp" 784
"../../../Engine/Content/EngineSky/VolumetricClouds/T_VolumeNoiseShape64.uasset" 785
"../../../Engine/Content/EngineSky/VolumetricClouds/T_VolumeNoiseShape64.uexp" 786
"../../../Engine/Content/EngineSky/VolumetricClouds/T_NoiseErosion.ubulk" 787
"../../../Engine/Content/EngineSky/VolumetricClouds/T_NoiseErosion.uasset" 788
"../../../Engine/Content/EngineSky/VolumetricClouds/T_NoiseErosion.uexp" 789
"../../../Engine/Content/EngineSky/VolumetricClouds/T_VolumeNoiseErosion32.uasset" 790
"../../../Engine/Content/EngineSky/VolumetricClouds/T_VolumeNoiseErosion32.uexp" 791
"../../../Engine/Content/EngineSky/VolumetricClouds/m_SimpleVolumetricCloud.uasset" 792
"../../../Engine/Content/EngineSky/VolumetricClouds/m_SimpleVolumetricCloud.uexp" 793
"../../../Engine/Content/EngineSky/VolumetricClouds/m_SimpleVolumetricCloud_Inst.uasset" 794
"../../../Engine/Content/EngineSky/VolumetricClouds/m_SimpleVolumetricCloud_Inst.uexp" 795
"../../../Engine/Content/EngineResources/FilmGrains/Marcie_Grain_v3_128_M2_000.uasset" 796
"../../../Engine/Content/EngineResources/FilmGrains/Marcie_Grain_v3_128_M2_000.uexp" 797
"../../../Engine/Content/EditorResources/SequenceRecorder/RecordingIndicator.uasset" 798
"../../../Engine/Content/EditorResources/SequenceRecorder/RecordingIndicator.uexp" 799
"../../../Engine/Content/EditorResources/SequenceRecorder/Countdown.uasset" 800
"../../../Engine/Content/EditorResources/SequenceRecorder/Countdown.uexp" 801
"../../../Engine/Content/EditorMaterials/Dataflow/DataflowVertexMaterial.uasset" 802
"../../../Engine/Content/EditorMaterials/Dataflow/DataflowVertexMaterial.uexp" 803
"C:/UnrealEngine/Project/TheGame/Content/TopDown/Maps/TopDownMap_BuiltData.ubulk" 804
"C:/UnrealEngine/Project/TheGame/Content/TopDown/Maps/TopDownMap_BuiltData.uasset" 805
"C:/UnrealEngine/Project/TheGame/Content/TopDown/Maps/TopDownMap_BuiltData.uexp" 806
"C:/UnrealEngine/Project/TheGame/Content/ThirdPerson/Maps/ThirdPersonMap_BuiltData.ubulk" 807
"C:/UnrealEngine/Project/TheGame/Content/ThirdPerson/Maps/ThirdPersonMap_BuiltData.uasset" 808
"C:/UnrealEngine/Project/TheGame/Content/ThirdPerson/Maps/ThirdPersonMap_BuiltData.uexp" 809
"C:/UnrealEngine/Project/TheGame/Content/PaperAssets/MapTiles/Green-Tree.uasset" 810
"C:/UnrealEngine/Project/TheGame/Content/PaperAssets/MapTiles/Green-Tree.uexp" 811
"C:/UnrealEngine/Project/TheGame/Content/PaperAssets/MapTiles/Green-Tree_TileSet.uasset" 812
"C:/UnrealEngine/Project/TheGame/Content/PaperAssets/MapTiles/Green-Tree_TileSet.uexp" 813
"C:/UnrealEngine/Project/TheGame/Content/PaperAssets/MapTiles/TestTreeMap.uasset" 814
"C:/UnrealEngine/Project/TheGame/Content/PaperAssets/MapTiles/TestTreeMap.uexp" 815
"C:/UnrealEngine/Project/TheGame/Content/PaperAssets/MapTiles/Tiles.uasset" 816
"C:/UnrealEngine/Project/TheGame/Content/PaperAssets/MapTiles/Tiles.uexp" 817
"C:/UnrealEngine/Project/TheGame/Content/PaperAssets/MapTiles/Tiles_TileSet.uasset" 818
"C:/UnrealEngine/Project/TheGame/Content/PaperAssets/MapTiles/Tiles_TileSet.uexp" 819
"C:/UnrealEngine/Project/TheGame/Content/PaperAssets/MapTiles/TestMap.uasset" 820
"C:/UnrealEngine/Project/TheGame/Content/PaperAssets/MapTiles/TestMap.uexp" 821
"C:/UnrealEngine/Project/TheGame/Content/PaperAssets/MapTiles/Background.uasset" 822
"C:/UnrealEngine/Project/TheGame/Content/PaperAssets/MapTiles/Background.uexp" 823
"C:/UnrealEngine/Project/TheGame/Content/PaperAssets/MapTiles/Background_TileSet.uasset" 824
"C:/UnrealEngine/Project/TheGame/Content/PaperAssets/MapTiles/Background_TileSet.uexp" 825
"C:/UnrealEngine/Project/TheGame/Content/PaperAssets/MapTiles/TestBackgroundMap.uasset" 826
"C:/UnrealEngine/Project/TheGame/Content/PaperAssets/MapTiles/TestBackgroundMap.uexp" 827
"C:/UnrealEngine/Project/TheGame/Content/PaperAssets/MapTiles/Buildings.uasset" 828
"C:/UnrealEngine/Project/TheGame/Content/PaperAssets/MapTiles/Buildings.uexp" 829
"C:/UnrealEngine/Project/TheGame/Content/PaperAssets/MapTiles/Buildings_TileSet.uasset" 830
"C:/UnrealEngine/Project/TheGame/Content/PaperAssets/MapTiles/Buildings_TileSet.uexp" 831
"../../../Engine/Content/EngineResources/Black.uasset" 832
"../../../Engine/Content/EngineResources/Black.uexp" 833
"../../../Engine/Plugins/Bridge/Content/MSPresets/M_MS_Default_Material/Functions/MF_Transmission.uasset" 834
"../../../Engine/Plugins/Bridge/Content/MSPresets/M_MS_Default_Material/Functions/MF_Transmission.uexp" 835
"../../../Engine/Content/Functions/Engine_MaterialFunctions02/Texturing/CustomRotator.uasset" 836
"../../../Engine/Content/Functions/Engine_MaterialFunctions02/Texturing/CustomRotator.uexp" 837
"../../../Engine/Plugins/Bridge/Content/MSPresets/MSVTTextures/BlackPlaceholder.uasset" 838
"../../../Engine/Plugins/Bridge/Content/MSPresets/MSVTTextures/BlackPlaceholder.uexp" 839
"../../../Engine/Plugins/Bridge/Content/MSPresets/M_MS_Default_Material/Functions/MF_MapAdjustments.uasset" 840
"../../../Engine/Plugins/Bridge/Content/MSPresets/M_MS_Default_Material/Functions/MF_MapAdjustments.uexp" 841
"../../../Engine/Plugins/Bridge/Content/MSPresets/MSVTTextures/DefaultDiffuse.uasset" 842
"../../../Engine/Plugins/Bridge/Content/MSPresets/MSVTTextures/DefaultDiffuse.uexp" 843
"../../../Engine/Plugins/Bridge/Content/MSPresets/MSVTTextures/Placeholder_Normal.uasset" 844
"../../../Engine/Plugins/Bridge/Content/MSPresets/MSVTTextures/Placeholder_Normal.uexp" 845
"../../../Engine/Plugins/Bridge/Content/MSPresets/M_MS_Default_Material/Functions/MF_Tiling.uasset" 846
"../../../Engine/Plugins/Bridge/Content/MSPresets/M_MS_Default_Material/Functions/MF_Tiling.uexp" 847
"../../../Engine/Plugins/Bridge/Content/MSPresets/MSVTTextures/WhitePlaceholder.uasset" 848
"../../../Engine/Plugins/Bridge/Content/MSPresets/MSVTTextures/WhitePlaceholder.uexp" 849
"C:/UnrealEngine/Project/TheGame/Content/MSPresets/M_MS_Surface_Material_VT/M_MS_Surface_Material_VT.uasset" 850
"C:/UnrealEngine/Project/TheGame/Content/MSPresets/M_MS_Surface_Material_VT/M_MS_Surface_Material_VT.uexp" 851
"../../../Engine/Plugins/Bridge/Content/MSPresets/M_MS_SurfaceBlend_Material/LayerFunctions/Middle/MF_MiddleLayerAdjustments.uasset" 852
"../../../Engine/Plugins/Bridge/Content/MSPresets/M_MS_SurfaceBlend_Material/LayerFunctions/Middle/MF_MiddleLayerAdjustments.uexp" 853
"../../../Engine/Plugins/Bridge/Content/MSPresets/M_MS_SurfaceBlend_Material/LayerFunctions/MF_NormalCorrection.uasset" 854
"../../../Engine/Plugins/Bridge/Content/MSPresets/M_MS_SurfaceBlend_Material/LayerFunctions/MF_NormalCorrection.uexp" 855
"../../../Engine/Plugins/Bridge/Content/MSPresets/MSTextures/WhitePlaceholder.uasset" 856
"../../../Engine/Plugins/Bridge/Content/MSPresets/MSTextures/WhitePlaceholder.uexp" 857
"../../../Engine/Content/EngineMaterials/DefaultNormal.ubulk" 858
"../../../Engine/Content/EngineMaterials/DefaultNormal.uasset" 859
"../../../Engine/Content/EngineMaterials/DefaultNormal.uexp" 860
"../../../Engine/Plugins/Bridge/Content/MSPresets/M_MS_SurfaceBlend_Material/LayerFunctions/Top/MF_TopLayerTextures.uasset" 861
"../../../Engine/Plugins/Bridge/Content/MSPresets/M_MS_SurfaceBlend_Material/LayerFunctions/Top/MF_TopLayerTextures.uexp" 862
"../../../Engine/Content/Engine_MI_Shaders/T_Base_Tile_Normal.ubulk" 863
"../../../Engine/Content/Engine_MI_Shaders/T_Base_Tile_Normal.uasset" 864
"../../../Engine/Content/Engine_MI_Shaders/T_Base_Tile_Normal.uexp" 865
"../../../Engine/Content/Functions/Engine_MaterialFunctions03/ComplexMotion/Motion_4WayChaos_Normal.uasset" 866
"../../../Engine/Content/Functions/Engine_MaterialFunctions03/ComplexMotion/Motion_4WayChaos_Normal.uexp" 867
"../../../Engine/Plugins/Bridge/Content/MSPresets/M_MS_SurfaceBlend_Material/LayerFunctions/Puddle/MF_PuddleLayer.uasset" 868
"../../../Engine/Plugins/Bridge/Content/MSPresets/M_MS_SurfaceBlend_Material/LayerFunctions/Puddle/MF_PuddleLayer.uexp" 869
"../../../Engine/Plugins/Bridge/Content/MSPresets/M_MS_SurfaceBlend_Material/LayerFunctions/Base/MF_BaseLayerAdjustments.uasset" 870
"../../../Engine/Plugins/Bridge/Content/MSPresets/M_MS_SurfaceBlend_Material/LayerFunctions/Base/MF_BaseLayerAdjustments.uexp" 871
"../../../Engine/Plugins/Bridge/Content/MSPresets/M_MS_SurfaceBlend_Material/LayerFunctions/Middle/MF_MiddleLayerTextures.uasset" 872
"../../../Engine/Plugins/Bridge/Content/MSPresets/M_MS_SurfaceBlend_Material/LayerFunctions/Middle/MF_MiddleLayerTextures.uexp" 873
"../../../Engine/Content/Functions/Engine_MaterialFunctions01/Gradient/LinearGradient.uasset" 874
"../../../Engine/Content/Functions/Engine_MaterialFunctions01/Gradient/LinearGradient.uexp" 875
"../../../Engine/Content/Functions/Engine_MaterialFunctions01/ImageAdjustment/CheapContrast.uasset" 876
"../../../Engine/Content/Functions/Engine_MaterialFunctions01/ImageAdjustment/CheapContrast.uexp" 877
"../../../Engine/Plugins/Bridge/Content/MSPresets/M_MS_SurfaceBlend_Material/LayerFunctions/MF_MaterialBlend.uasset" 878
"../../../Engine/Plugins/Bridge/Content/MSPresets/M_MS_SurfaceBlend_Material/LayerFunctions/MF_MaterialBlend.uexp" 879
"../../../Engine/Plugins/Bridge/Content/MSPresets/MSTextures/BlackPlaceholder.uasset" 880
"../../../Engine/Plugins/Bridge/Content/MSPresets/MSTextures/BlackPlaceholder.uexp" 881
"../../../Engine/Plugins/Bridge/Content/MSPresets/M_MS_SurfaceBlend_Material/LayerFunctions/MF_ScatterLayer.uasset" 882
"../../../Engine/Plugins/Bridge/Content/MSPresets/M_MS_SurfaceBlend_Material/LayerFunctions/MF_ScatterLayer.uexp" 883
"../../../Engine/Plugins/Bridge/Content/MSPresets/M_MS_SurfaceBlend_Material/LayerFunctions/Base/MF_BaseLayerTextures.uasset" 884
"../../../Engine/Plugins/Bridge/Content/MSPresets/M_MS_SurfaceBlend_Material/LayerFunctions/Base/MF_BaseLayerTextures.uexp" 885
"../../../Engine/Plugins/Bridge/Content/MSPresets/M_MS_SurfaceBlend_Material/LayerFunctions/MF_BlendScatter.uasset" 886
"../../../Engine/Plugins/Bridge/Content/MSPresets/M_MS_SurfaceBlend_Material/LayerFunctions/MF_BlendScatter.uexp" 887
"../../../Engine/Plugins/Bridge/Content/MSPresets/M_MS_SurfaceBlend_Material/LayerFunctions/Top/MF_TopLayerAdjustments.uasset" 888
"../../../Engine/Plugins/Bridge/Content/MSPresets/M_MS_SurfaceBlend_Material/LayerFunctions/Top/MF_TopLayerAdjustments.uexp" 889
"C:/UnrealEngine/Project/TheGame/Content/MSPresets/M_MS_SurfaceBlend_Material/M_MS_SurfaceBlend_Material.uasset" 890
"C:/UnrealEngine/Project/TheGame/Content/MSPresets/M_MS_SurfaceBlend_Material/M_MS_SurfaceBlend_Material.uexp" 891
"C:/UnrealEngine/Project/TheGame/Content/MSPresets/M_MS_Imperfection_Material_VT/M_MS_Imperfection_Material_VT.uasset" 892
"C:/UnrealEngine/Project/TheGame/Content/MSPresets/M_MS_Imperfection_Material_VT/M_MS_Imperfection_Material_VT.uexp" 893
"../../../Engine/Content/Functions/Engine_MaterialFunctions01/SpeedTree/SpeedTreeColorVariation.uasset" 894
"../../../Engine/Content/Functions/Engine_MaterialFunctions01/SpeedTree/SpeedTreeColorVariation.uexp" 895
"C:/UnrealEngine/Project/TheGame/Content/MSPresets/M_MS_Imperfection_Material_VT/M_MS_Imperfection_Material_Var_VT.uasset" 896
"C:/UnrealEngine/Project/TheGame/Content/MSPresets/M_MS_Imperfection_Material_VT/M_MS_Imperfection_Material_Var_VT.uexp" 897
"C:/UnrealEngine/Project/TheGame/Content/MSPresets/M_MS_Imperfection_Material_Var/M_MS_Imperfection_Material_Var.uasset" 898
"C:/UnrealEngine/Project/TheGame/Content/MSPresets/M_MS_Imperfection_Material_Var/M_MS_Imperfection_Material_Var.uexp" 899
"C:/UnrealEngine/Project/TheGame/Content/MSPresets/M_MS_Imperfection_Material/M_MS_Imperfection_Material_Var.uasset" 900
"C:/UnrealEngine/Project/TheGame/Content/MSPresets/M_MS_Imperfection_Material/M_MS_Imperfection_Material_Var.uexp" 901
"C:/UnrealEngine/Project/TheGame/Content/MSPresets/M_MS_Imperfection_Material/M_MS_Imperfection_Material.uasset" 902
"C:/UnrealEngine/Project/TheGame/Content/MSPresets/M_MS_Imperfection_Material/M_MS_Imperfection_Material.uexp" 903
"../../../Engine/Content/Functions/Engine_MaterialFunctions02/Math/CreateThirdOrthogonalVector.uasset" 904
"../../../Engine/Content/Functions/Engine_MaterialFunctions02/Math/CreateThirdOrthogonalVector.uexp" 905
"../../../Engine/Content/Functions/Engine_MaterialFunctions02/Math/InverseTransformMatrix.uasset" 906
"../../../Engine/Content/Functions/Engine_MaterialFunctions02/Math/InverseTransformMatrix.uexp" 907
"../../../Engine/Content/Functions/Engine_MaterialFunctions02/Math/TransformToZVector.uasset" 908
"../../../Engine/Content/Functions/Engine_MaterialFunctions02/Math/TransformToZVector.uexp" 909
"../../../Engine/Content/EngineVolumetrics/Fogsheet/Materials/T_EV_BlankWhite_01.uasset" 910
"../../../Engine/Content/EngineVolumetrics/Fogsheet/Materials/T_EV_BlankWhite_01.uexp" 911
"../../../Engine/Content/Functions/Engine_MaterialFunctions01/Texturing/ParallaxOcclusionMapping.uasset" 912
"../../../Engine/Content/Functions/Engine_MaterialFunctions01/Texturing/ParallaxOcclusionMapping.uexp" 913
"C:/UnrealEngine/Project/TheGame/Content/MSPresets/M_MS_ImperfectionDecal_Material_VT/M_MS_ImperfectionDecal_Material_VT.uasset" 914
"C:/UnrealEngine/Project/TheGame/Content/MSPresets/M_MS_ImperfectionDecal_Material_VT/M_MS_ImperfectionDecal_Material_VT.uexp" 915
"../../../Engine/Content/EngineMaterials/DefaultWhiteGrid.ubulk" 916
"../../../Engine/Content/EngineMaterials/DefaultWhiteGrid.uasset" 917
"../../../Engine/Content/EngineMaterials/DefaultWhiteGrid.uexp" 918
"C:/UnrealEngine/Project/TheGame/Content/MSPresets/M_MS_ImperfectionDecal_Material/M_MS_ImperfectionDecal_Material.uasset" 919
"C:/UnrealEngine/Project/TheGame/Content/MSPresets/M_MS_ImperfectionDecal_Material/M_MS_ImperfectionDecal_Material.uexp" 920
"../../../Engine/Plugins/Bridge/Content/MSPresets/MSTextures/Placeholder_Normal.uasset" 921
"../../../Engine/Plugins/Bridge/Content/MSPresets/MSTextures/Placeholder_Normal.uexp" 922
"../../../Engine/Content/EngineMaterials/FlatNormal.uasset" 923
"../../../Engine/Content/EngineMaterials/FlatNormal.uexp" 924
"../../../Engine/Plugins/Bridge/Content/MSPresets/M_MS_Glass_Material/Functions/MF_Refraction.uasset" 925
"../../../Engine/Plugins/Bridge/Content/MSPresets/M_MS_Glass_Material/Functions/MF_Refraction.uexp" 926
"../../../Engine/Plugins/Bridge/Content/MSPresets/MSTextures/Placeholder.uasset" 927
"../../../Engine/Plugins/Bridge/Content/MSPresets/MSTextures/Placeholder.uexp" 928
"../../../Engine/Plugins/Bridge/Content/MSPresets/M_MS_Glass_Material/Functions/MF_TranslucencyEmission.uasset" 929
"../../../Engine/Plugins/Bridge/Content/MSPresets/M_MS_Glass_Material/Functions/MF_TranslucencyEmission.uexp" 930
"../../../Engine/Plugins/Bridge/Content/MSPresets/MSTextures/BlackPlaceholder_Color.uasset" 931
"../../../Engine/Plugins/Bridge/Content/MSPresets/MSTextures/BlackPlaceholder_Color.uexp" 932
"../../../Engine/Plugins/Bridge/Content/MSPresets/M_MS_Glass_Material/Functions/MF_TranslucencyMetallic.uasset" 933
"../../../Engine/Plugins/Bridge/Content/MSPresets/M_MS_Glass_Material/Functions/MF_TranslucencyMetallic.uexp" 934
"../../../Engine/Plugins/Bridge/Content/MSPresets/M_MS_Glass_Material/Functions/MF_WindowImperfection.uasset" 935
"../../../Engine/Plugins/Bridge/Content/MSPresets/M_MS_Glass_Material/Functions/MF_WindowImperfection.uexp" 936
"../../../Engine/Plugins/Bridge/Content/MSPresets/M_MS_Glass_Material/Functions/MF_WindowNormalStrength.uasset" 937
"../../../Engine/Plugins/Bridge/Content/MSPresets/M_MS_Glass_Material/Functions/MF_WindowNormalStrength.uexp" 938
"../../../Engine/Plugins/Bridge/Content/MSPresets/M_MS_Glass_Material/Functions/MF_FrameBlend.uasset" 939
"../../../Engine/Plugins/Bridge/Content/MSPresets/M_MS_Glass_Material/Functions/MF_FrameBlend.uexp" 940
"C:/UnrealEngine/Project/TheGame/Content/MSPresets/M_MS_Glass_Material/M_MS_Glass_Material.uasset" 941
"C:/UnrealEngine/Project/TheGame/Content/MSPresets/M_MS_Glass_Material/M_MS_Glass_Material.uexp" 942
"../../../Engine/Plugins/Bridge/Content/MSPresets/M_MS_Glass_Material/M_MS_Glass_Material.uasset" 943
"../../../Engine/Plugins/Bridge/Content/MSPresets/M_MS_Glass_Material/M_MS_Glass_Material.uexp" 944
"C:/UnrealEngine/Project/TheGame/Content/MSPresets/M_MS_Glass_Material/MI_MS_Glass_Material_Inst.uasset" 945
"C:/UnrealEngine/Project/TheGame/Content/MSPresets/M_MS_Glass_Material/MI_MS_Glass_Material_Inst.uexp" 946
"../../../Engine/Content/EngineMaterials/BlendFunc_DefBlend.uasset" 947
"../../../Engine/Content/EngineMaterials/BlendFunc_DefBlend.uexp" 948
"../../../Engine/Content/EngineMaterials/BlendFunc_DefBase.uasset" 949
"../../../Engine/Content/EngineMaterials/BlendFunc_DefBase.uexp" 950
"../../../Engine/Content/Functions/Engine_MaterialFunctions03/Blends/Blend_Overlay.uasset" 951
"../../../Engine/Content/Functions/Engine_MaterialFunctions03/Blends/Blend_Overlay.uexp" 952
"../../../Engine/Content/Functions/Engine_MaterialFunctions01/WorldPositionOffset/SimpleGrassWind.uasset" 953
"../../../Engine/Content/Functions/Engine_MaterialFunctions01/WorldPositionOffset/SimpleGrassWind.uexp" 954
"../../../Engine/Plugins/Bridge/Content/MSPresets/M_MS_Foliage_Material/Functions/MF_Translucency.uasset" 955
"../../../Engine/Plugins/Bridge/Content/MSPresets/M_MS_Foliage_Material/Functions/MF_Translucency.uexp" 956
"C:/UnrealEngine/Project/TheGame/Content/MSPresets/M_MS_Foliage_Material/M_MS_Foliage_Material.uasset" 957
"C:/UnrealEngine/Project/TheGame/Content/MSPresets/M_MS_Foliage_Material/M_MS_Foliage_Material.uexp" 958
"C:/UnrealEngine/Project/TheGame/Content/MSPresets/M_MS_Foliage_Material/MF_Translucency.uasset" 959
"C:/UnrealEngine/Project/TheGame/Content/MSPresets/M_MS_Foliage_Material/MF_Translucency.uexp" 960
"../../../Engine/Plugins/Bridge/Content/MSPresets/M_MS_Default_Transmission_Material/Functions/MF_SSSObjAdjustments.uasset" 961
"../../../Engine/Plugins/Bridge/Content/MSPresets/M_MS_Default_Transmission_Material/Functions/MF_SSSObjAdjustments.uexp" 962
"C:/UnrealEngine/Project/TheGame/Content/MSPresets/M_MS_Default_Transmission_Material_VT/M_MS_Default_Transmission_Material_VT.uasset" 963
"C:/UnrealEngine/Project/TheGame/Content/MSPresets/M_MS_Default_Transmission_Material_VT/M_MS_Default_Transmission_Material_VT.uexp" 964
"C:/UnrealEngine/Project/TheGame/Content/MSPresets/M_MS_Default_Transmission_Material/M_MS_Default_Transmission_Material.uasset" 965
"C:/UnrealEngine/Project/TheGame/Content/MSPresets/M_MS_Default_Transmission_Material/M_MS_Default_Transmission_Material.uexp" 966
"../../../Engine/Plugins/Bridge/Content/MSPresets/M_MS_Default_Material/Functions/MF_ObjAdjustments.uasset" 967
"../../../Engine/Plugins/Bridge/Content/MSPresets/M_MS_Default_Material/Functions/MF_ObjAdjustments.uexp" 968
"C:/UnrealEngine/Project/TheGame/Content/MSPresets/M_MS_Default_Material_VT/M_MS_Default_Material_VT.uasset" 969
"C:/UnrealEngine/Project/TheGame/Content/MSPresets/M_MS_Default_Material_VT/M_MS_Default_Material_VT.uexp" 970
"../../../Engine/Plugins/Bridge/Content/MSPresets/M_MS_Default_Fuzz_Material/Functions/MF_Tiling.uasset" 971
"../../../Engine/Plugins/Bridge/Content/MSPresets/M_MS_Default_Fuzz_Material/Functions/MF_Tiling.uexp" 972
"../../../Engine/Plugins/Bridge/Content/MSPresets/M_MS_Default_Fuzz_Material/Functions/MF_Fuzz.uasset" 973
"../../../Engine/Plugins/Bridge/Content/MSPresets/M_MS_Default_Fuzz_Material/Functions/MF_Fuzz.uexp" 974
"C:/UnrealEngine/Project/TheGame/Content/MSPresets/M_MS_Default_Fuzz_Material_VT/M_MS_Default_Fuzz_Material_VT.uasset" 975
"C:/UnrealEngine/Project/TheGame/Content/MSPresets/M_MS_Default_Fuzz_Material_VT/M_MS_Default_Fuzz_Material_VT.uexp" 976
"C:/UnrealEngine/Project/TheGame/Content/MSPresets/M_MS_Default_Fuzz_Material/M_MS_Default_Fuzz_Material.uasset" 977
"C:/UnrealEngine/Project/TheGame/Content/MSPresets/M_MS_Default_Fuzz_Material/M_MS_Default_Fuzz_Material.uexp" 978
"../../../Engine/Plugins/Bridge/Content/MSPresets/M_MS_Decal_Material/MF_QuixelDecalPOM.uasset" 979
"../../../Engine/Plugins/Bridge/Content/MSPresets/M_MS_Decal_Material/MF_QuixelDecalPOM.uexp" 980
"C:/UnrealEngine/Project/TheGame/Content/MSPresets/M_MS_Decal_Material_VT/M_MS_Decal_Material_VT.uasset" 981
"C:/UnrealEngine/Project/TheGame/Content/MSPresets/M_MS_Decal_Material_VT/M_MS_Decal_Material_VT.uexp" 982
"C:/UnrealEngine/Project/TheGame/Content/MSPresets/M_MS_Decal_Material_VT/MF_QuixelDecalPOM.uasset" 983
"C:/UnrealEngine/Project/TheGame/Content/MSPresets/M_MS_Decal_Material_VT/MF_QuixelDecalPOM.uexp" 984
"C:/UnrealEngine/Project/TheGame/Content/MSPresets/M_MS_Decal_Material/M_MS_Decal_Material.uasset" 985
"C:/UnrealEngine/Project/TheGame/Content/MSPresets/M_MS_Decal_Material/M_MS_Decal_Material.uexp" 986
"C:/UnrealEngine/Project/TheGame/Content/MSPresets/M_MS_Decal_Material/MF_QuixelDecalPOM.uasset" 987
"C:/UnrealEngine/Project/TheGame/Content/MSPresets/M_MS_Decal_Material/MF_QuixelDecalPOM.uexp" 988
"../../../Engine/Content/Functions/Engine_MaterialFunctions02/Utility/VectorToRadialValue.uasset" 989
"../../../Engine/Content/Functions/Engine_MaterialFunctions02/Utility/VectorToRadialValue.uexp" 990
"../../../Engine/Content/ArtTools/RenderToTexture/MaterialFunctions/FoliageZRotation.uasset" 991
"../../../Engine/Content/ArtTools/RenderToTexture/MaterialFunctions/FoliageZRotation.uexp" 992
"../../../Engine/Content/Functions/Engine_MaterialFunctions02/WorldPositionOffset/ObjectPivotPoint.uasset" 993
"../../../Engine/Content/Functions/Engine_MaterialFunctions02/WorldPositionOffset/ObjectPivotPoint.uexp" 994
"C:/UnrealEngine/Project/TheGame/Content/MSPresets/M_MS_Billboard_Material/M_MS_Billboard_Material.uasset" 995
"C:/UnrealEngine/Project/TheGame/Content/MSPresets/M_MS_Billboard_Material/M_MS_Billboard_Material.uexp" 996
"C:/UnrealEngine/Project/TheGame/Content/MSPresets/MSVTTextures/WhitePlaceholder.uasset" 997
"C:/UnrealEngine/Project/TheGame/Content/MSPresets/MSVTTextures/WhitePlaceholder.uexp" 998
"C:/UnrealEngine/Project/TheGame/Content/MSPresets/MSVTTextures/Placeholder_Normal.uasset" 999
"C:/UnrealEngine/Project/TheGame/Content/MSPresets/MSVTTextures/Placeholder_Normal.uexp" 1000
"C:/UnrealEngine/Project/TheGame/Content/MSPresets/MSVTTextures/DefaultDiffuse.uasset" 1001
"C:/UnrealEngine/Project/TheGame/Content/MSPresets/MSVTTextures/DefaultDiffuse.uexp" 1002
"C:/UnrealEngine/Project/TheGame/Content/MSPresets/MSVTTextures/BlackPlaceholder.uasset" 1003
"C:/UnrealEngine/Project/TheGame/Content/MSPresets/MSVTTextures/BlackPlaceholder.uexp" 1004
"C:/UnrealEngine/Project/TheGame/Content/MSPresets/MSTextures/WhitePlaceholder.uasset" 1005
"C:/UnrealEngine/Project/TheGame/Content/MSPresets/MSTextures/WhitePlaceholder.uexp" 1006
"C:/UnrealEngine/Project/TheGame/Content/MSPresets/MSTextures/White.ubulk" 1007
"C:/UnrealEngine/Project/TheGame/Content/MSPresets/MSTextures/White.uasset" 1008
"C:/UnrealEngine/Project/TheGame/Content/MSPresets/MSTextures/White.uexp" 1009
"C:/UnrealEngine/Project/TheGame/Content/MSPresets/MSTextures/Placeholder_Normal.uasset" 1010
"C:/UnrealEngine/Project/TheGame/Content/MSPresets/MSTextures/Placeholder_Normal.uexp" 1011
"C:/UnrealEngine/Project/TheGame/Content/MSPresets/MSTextures/Placeholder.uasset" 1012
"C:/UnrealEngine/Project/TheGame/Content/MSPresets/MSTextures/Placeholder.uexp" 1013
"C:/UnrealEngine/Project/TheGame/Content/MSPresets/MSTextures/FlatNormal.uasset" 1014
"C:/UnrealEngine/Project/TheGame/Content/MSPresets/MSTextures/FlatNormal.uexp" 1015
"C:/UnrealEngine/Project/TheGame/Content/MSPresets/MSTextures/BlackPlaceholder_Color.uasset" 1016
"C:/UnrealEngine/Project/TheGame/Content/MSPresets/MSTextures/BlackPlaceholder_Color.uexp" 1017
"C:/UnrealEngine/Project/TheGame/Content/MSPresets/MSTextures/BlackPlaceholder.uasset" 1018
"C:/UnrealEngine/Project/TheGame/Content/MSPresets/MSTextures/BlackPlaceholder.uexp" 1019
"C:/UnrealEngine/Project/TheGame/Content/MSPresets/MSTextures/Black.ubulk" 1020
"C:/UnrealEngine/Project/TheGame/Content/MSPresets/MSTextures/Black.uasset" 1021
"C:/UnrealEngine/Project/TheGame/Content/MSPresets/MSTextures/Black.uexp" 1022
"C:/UnrealEngine/Project/TheGame/Content/LevelPrototyping/Textures/T_GridChecker_A.ubulk" 1023
"C:/UnrealEngine/Project/TheGame/Content/LevelPrototyping/Textures/T_GridChecker_A.uasset" 1024
"C:/UnrealEngine/Project/TheGame/Content/LevelPrototyping/Textures/T_GridChecker_A.uexp" 1025
"C:/UnrealEngine/Project/TheGame/Content/LevelPrototyping/Materials/MF_ProcGrid.uasset" 1026
"C:/UnrealEngine/Project/TheGame/Content/LevelPrototyping/Materials/MF_ProcGrid.uexp" 1027
"C:/UnrealEngine/Project/TheGame/Content/LevelPrototyping/Materials/M_PrototypeGrid.uasset" 1028
"C:/UnrealEngine/Project/TheGame/Content/LevelPrototyping/Materials/M_PrototypeGrid.uexp" 1029
"C:/UnrealEngine/Project/TheGame/Content/LevelPrototyping/Materials/MI_PrototypeGrid_Gray_02.uasset" 1030
"C:/UnrealEngine/Project/TheGame/Content/LevelPrototyping/Materials/MI_PrototypeGrid_Gray_02.uexp" 1031
"../../../Engine/Content/Functions/Engine_MaterialFunctions01/Shading/PowerToRoughness.uasset" 1032
"../../../Engine/Content/Functions/Engine_MaterialFunctions01/Shading/PowerToRoughness.uexp" 1033
"../../../Engine/Content/Functions/Engine_MaterialFunctions01/Shading/ConvertFromDiffSpec.uasset" 1034
"../../../Engine/Content/Functions/Engine_MaterialFunctions01/Shading/ConvertFromDiffSpec.uexp" 1035
"../../../Engine/Content/EngineMaterials/Substrate/GLints2/AGlintTex2dArray2.uasset" 1036
"../../../Engine/Content/EngineMaterials/Substrate/GLints2/AGlintTex2dArray2.uexp" 1037
"../../../Engine/Content/EngineMaterials/Substrate/GLints/AGlintTex2dArray.uasset" 1038
"../../../Engine/Content/EngineMaterials/Substrate/GLints/AGlintTex2dArray.uexp" 1039
"C:/UnrealEngine/Project/TheGame/Content/PaperAssets/Characters/Jump-All-Sheet.uasset" 1040
"C:/UnrealEngine/Project/TheGame/Content/PaperAssets/Characters/Jump-All-Sheet.uexp" 1041
"C:/UnrealEngine/Project/TheGame/Content/PaperAssets/Characters/Sprites/Jump-All-Sheet_Sprite_9.uasset" 1042
"C:/UnrealEngine/Project/TheGame/Content/PaperAssets/Characters/Sprites/Jump-All-Sheet_Sprite_9.uexp" 1043
"C:/UnrealEngine/Project/TheGame/Content/PaperAssets/Characters/Sprites/Jump-All-Sheet_Sprite_8.uasset" 1044
"C:/UnrealEngine/Project/TheGame/Content/PaperAssets/Characters/Sprites/Jump-All-Sheet_Sprite_8.uexp" 1045
"C:/UnrealEngine/Project/TheGame/Content/PaperAssets/Characters/Sprites/Jump-All-Sheet_Sprite_6.uasset" 1046
"C:/UnrealEngine/Project/TheGame/Content/PaperAssets/Characters/Sprites/Jump-All-Sheet_Sprite_6.uexp" 1047
"C:/UnrealEngine/Project/TheGame/Content/PaperAssets/Characters/Sprites/Jump-All-Sheet_Sprite_5.uasset" 1048
"C:/UnrealEngine/Project/TheGame/Content/PaperAssets/Characters/Sprites/Jump-All-Sheet_Sprite_5.uexp" 1049
"C:/UnrealEngine/Project/TheGame/Content/PaperAssets/Characters/Sprites/Jump-All-Sheet_Sprite_3.uasset" 1050
"C:/UnrealEngine/Project/TheGame/Content/PaperAssets/Characters/Sprites/Jump-All-Sheet_Sprite_3.uexp" 1051
"C:/UnrealEngine/Project/TheGame/Content/PaperAssets/Characters/Sprites/Jump-All-Sheet_Sprite_2.uasset" 1052
"C:/UnrealEngine/Project/TheGame/Content/PaperAssets/Characters/Sprites/Jump-All-Sheet_Sprite_2.uexp" 1053
"C:/UnrealEngine/Project/TheGame/Content/PaperAssets/Characters/Sprites/Jump-All-Sheet_Sprite_14.uasset" 1054
"C:/UnrealEngine/Project/TheGame/Content/PaperAssets/Characters/Sprites/Jump-All-Sheet_Sprite_14.uexp" 1055
"C:/UnrealEngine/Project/TheGame/Content/PaperAssets/Characters/Sprites/Jump-All-Sheet_Sprite_13.uasset" 1056
"C:/UnrealEngine/Project/TheGame/Content/PaperAssets/Characters/Sprites/Jump-All-Sheet_Sprite_13.uexp" 1057
"C:/UnrealEngine/Project/TheGame/Content/PaperAssets/Characters/Sprites/Jump-All-Sheet_Sprite_12.uasset" 1058
"C:/UnrealEngine/Project/TheGame/Content/PaperAssets/Characters/Sprites/Jump-All-Sheet_Sprite_12.uexp" 1059
"C:/UnrealEngine/Project/TheGame/Content/PaperAssets/Characters/Sprites/Jump-All-Sheet_Sprite_11.uasset" 1060
"C:/UnrealEngine/Project/TheGame/Content/PaperAssets/Characters/Sprites/Jump-All-Sheet_Sprite_11.uexp" 1061
"C:/UnrealEngine/Project/TheGame/Content/PaperAssets/Characters/Sprites/Jump-All-Sheet_Sprite_10.uasset" 1062
"C:/UnrealEngine/Project/TheGame/Content/PaperAssets/Characters/Sprites/Jump-All-Sheet_Sprite_10.uexp" 1063
"C:/UnrealEngine/Project/TheGame/Content/PaperAssets/Characters/Sprites/Jump-All-Sheet_Sprite_1.uasset" 1064
"C:/UnrealEngine/Project/TheGame/Content/PaperAssets/Characters/Sprites/Jump-All-Sheet_Sprite_1.uexp" 1065
"C:/UnrealEngine/Project/TheGame/Content/PaperAssets/Characters/Sprites/Jump-All-Sheet_Sprite_0.uasset" 1066
"C:/UnrealEngine/Project/TheGame/Content/PaperAssets/Characters/Sprites/Jump-All-Sheet_Sprite_0.uexp" 1067
"C:/UnrealEngine/Project/TheGame/Content/PaperAssets/Characters/Sprites/Jump-All-Sheet_Sprite_7.uasset" 1068
"C:/UnrealEngine/Project/TheGame/Content/PaperAssets/Characters/Sprites/Jump-All-Sheet_Sprite_7.uexp" 1069
"C:/UnrealEngine/Project/TheGame/Content/PaperAssets/Characters/FlipBook/FB_Player_Fall.uasset" 1070
"C:/UnrealEngine/Project/TheGame/Content/PaperAssets/Characters/FlipBook/FB_Player_Fall.uexp" 1071
"C:/UnrealEngine/Project/TheGame/Content/MSPresets/M_MS_Surface_Material_VT/Functions/MF_Transmission.uasset" 1072
"C:/UnrealEngine/Project/TheGame/Content/MSPresets/M_MS_Surface_Material_VT/Functions/MF_Transmission.uexp" 1073
"C:/UnrealEngine/Project/TheGame/Content/MSPresets/M_MS_Surface_Material_VT/Functions/MF_Tiling.uasset" 1074
"C:/UnrealEngine/Project/TheGame/Content/MSPresets/M_MS_Surface_Material_VT/Functions/MF_Tiling.uexp" 1075
"C:/UnrealEngine/Project/TheGame/Content/MSPresets/M_MS_Surface_Material_VT/Functions/MF_ObjAdjustments.uasset" 1076
"C:/UnrealEngine/Project/TheGame/Content/MSPresets/M_MS_Surface_Material_VT/Functions/MF_ObjAdjustments.uexp" 1077
"C:/UnrealEngine/Project/TheGame/Content/MSPresets/M_MS_Surface_Material_VT/Functions/MF_MapAdjustments.uasset" 1078
"C:/UnrealEngine/Project/TheGame/Content/MSPresets/M_MS_Surface_Material_VT/Functions/MF_MapAdjustments.uexp" 1079
"C:/UnrealEngine/Project/TheGame/Content/MSPresets/M_MS_Surface_Material_VT/Functions/MF_Displacement.uasset" 1080
"C:/UnrealEngine/Project/TheGame/Content/MSPresets/M_MS_Surface_Material_VT/Functions/MF_Displacement.uexp" 1081
"C:/UnrealEngine/Project/TheGame/Content/MSPresets/M_MS_Surface_Material/Functions/MF_Transmission.uasset" 1082
"C:/UnrealEngine/Project/TheGame/Content/MSPresets/M_MS_Surface_Material/Functions/MF_Transmission.uexp" 1083
"C:/UnrealEngine/Project/TheGame/Content/MSPresets/M_MS_Surface_Material/Functions/MF_Tiling.uasset" 1084
"C:/UnrealEngine/Project/TheGame/Content/MSPresets/M_MS_Surface_Material/Functions/MF_Tiling.uexp" 1085
"C:/UnrealEngine/Project/TheGame/Content/MSPresets/M_MS_Surface_Material/Functions/MF_ObjAdjustments.uasset" 1086
"C:/UnrealEngine/Project/TheGame/Content/MSPresets/M_MS_Surface_Material/Functions/MF_ObjAdjustments.uexp" 1087
"C:/UnrealEngine/Project/TheGame/Content/MSPresets/M_MS_Surface_Material/Functions/MF_MapAdjustments.uasset" 1088
"C:/UnrealEngine/Project/TheGame/Content/MSPresets/M_MS_Surface_Material/Functions/MF_MapAdjustments.uexp" 1089
"C:/UnrealEngine/Project/TheGame/Content/MSPresets/M_MS_Surface_Material/Functions/MF_Displacement.uasset" 1090
"C:/UnrealEngine/Project/TheGame/Content/MSPresets/M_MS_Surface_Material/Functions/MF_Displacement.uexp" 1091
"C:/UnrealEngine/Project/TheGame/Content/MSPresets/M_MS_SurfaceBlend_Material/LayerFunctions/MF_ScatterLayer.uasset" 1092
"C:/UnrealEngine/Project/TheGame/Content/MSPresets/M_MS_SurfaceBlend_Material/LayerFunctions/MF_ScatterLayer.uexp" 1093
"C:/UnrealEngine/Project/TheGame/Content/MSPresets/M_MS_SurfaceBlend_Material/LayerFunctions/MF_NormalCorrection.uasset" 1094
"C:/UnrealEngine/Project/TheGame/Content/MSPresets/M_MS_SurfaceBlend_Material/LayerFunctions/MF_NormalCorrection.uexp" 1095
"C:/UnrealEngine/Project/TheGame/Content/MSPresets/M_MS_SurfaceBlend_Material/LayerFunctions/MF_MaterialBlend.uasset" 1096
"C:/UnrealEngine/Project/TheGame/Content/MSPresets/M_MS_SurfaceBlend_Material/LayerFunctions/MF_MaterialBlend.uexp" 1097
"C:/UnrealEngine/Project/TheGame/Content/MSPresets/M_MS_SurfaceBlend_Material/LayerFunctions/MF_DisplacementBlend.uasset" 1098
"C:/UnrealEngine/Project/TheGame/Content/MSPresets/M_MS_SurfaceBlend_Material/LayerFunctions/MF_DisplacementBlend.uexp" 1099
"C:/UnrealEngine/Project/TheGame/Content/MSPresets/M_MS_SurfaceBlend_Material/LayerFunctions/MF_Displacement.uasset" 1100
"C:/UnrealEngine/Project/TheGame/Content/MSPresets/M_MS_SurfaceBlend_Material/LayerFunctions/MF_Displacement.uexp" 1101
"C:/UnrealEngine/Project/TheGame/Content/MSPresets/M_MS_SurfaceBlend_Material/LayerFunctions/MF_BlendScatter.uasset" 1102
"C:/UnrealEngine/Project/TheGame/Content/MSPresets/M_MS_SurfaceBlend_Material/LayerFunctions/MF_BlendScatter.uexp" 1103
"C:/UnrealEngine/Project/TheGame/Content/MSPresets/M_MS_Glass_Material/Textures/White.ubulk" 1104
"C:/UnrealEngine/Project/TheGame/Content/MSPresets/M_MS_Glass_Material/Textures/White.uasset" 1105
"C:/UnrealEngine/Project/TheGame/Content/MSPresets/M_MS_Glass_Material/Textures/White.uexp" 1106
"C:/UnrealEngine/Project/TheGame/Content/MSPresets/M_MS_Glass_Material/Textures/FlatNormal.uasset" 1107
"C:/UnrealEngine/Project/TheGame/Content/MSPresets/M_MS_Glass_Material/Textures/FlatNormal.uexp" 1108
"C:/UnrealEngine/Project/TheGame/Content/MSPresets/M_MS_Glass_Material/Textures/Black.ubulk" 1109
"C:/UnrealEngine/Project/TheGame/Content/MSPresets/M_MS_Glass_Material/Textures/Black.uasset" 1110
"C:/UnrealEngine/Project/TheGame/Content/MSPresets/M_MS_Glass_Material/Textures/Black.uexp" 1111
"C:/UnrealEngine/Project/TheGame/Content/MSPresets/M_MS_Glass_Material/Functions/MF_WindowNormalStrength.uasset" 1112
"C:/UnrealEngine/Project/TheGame/Content/MSPresets/M_MS_Glass_Material/Functions/MF_WindowNormalStrength.uexp" 1113
"C:/UnrealEngine/Project/TheGame/Content/MSPresets/M_MS_Glass_Material/Functions/MF_WindowImperfection.uasset" 1114
"C:/UnrealEngine/Project/TheGame/Content/MSPresets/M_MS_Glass_Material/Functions/MF_WindowImperfection.uexp" 1115
"C:/UnrealEngine/Project/TheGame/Content/MSPresets/M_MS_Glass_Material/Functions/MF_TranslucencyMetallic.uasset" 1116
"C:/UnrealEngine/Project/TheGame/Content/MSPresets/M_MS_Glass_Material/Functions/MF_TranslucencyMetallic.uexp" 1117
"C:/UnrealEngine/Project/TheGame/Content/MSPresets/M_MS_Glass_Material/Functions/MF_TranslucencyEmission.uasset" 1118
"C:/UnrealEngine/Project/TheGame/Content/MSPresets/M_MS_Glass_Material/Functions/MF_TranslucencyEmission.uexp" 1119
"C:/UnrealEngine/Project/TheGame/Content/MSPresets/M_MS_Glass_Material/Functions/MF_Refraction.uasset" 1120
"C:/UnrealEngine/Project/TheGame/Content/MSPresets/M_MS_Glass_Material/Functions/MF_Refraction.uexp" 1121
"C:/UnrealEngine/Project/TheGame/Content/MSPresets/M_MS_Glass_Material/Functions/MF_Imperfection.uasset" 1122
"C:/UnrealEngine/Project/TheGame/Content/MSPresets/M_MS_Glass_Material/Functions/MF_Imperfection.uexp" 1123
"C:/UnrealEngine/Project/TheGame/Content/MSPresets/M_MS_Glass_Material/Functions/MF_FrameTextures.uasset" 1124
"C:/UnrealEngine/Project/TheGame/Content/MSPresets/M_MS_Glass_Material/Functions/MF_FrameTextures.uexp" 1125
"C:/UnrealEngine/Project/TheGame/Content/MSPresets/M_MS_Glass_Material/Functions/MF_FrameBlend.uasset" 1126
"C:/UnrealEngine/Project/TheGame/Content/MSPresets/M_MS_Glass_Material/Functions/MF_FrameBlend.uexp" 1127
"C:/UnrealEngine/Project/TheGame/Content/MSPresets/M_MS_Foliage_Material/Functions/MF_Translucency.uasset" 1128
"C:/UnrealEngine/Project/TheGame/Content/MSPresets/M_MS_Foliage_Material/Functions/MF_Translucency.uexp" 1129
"C:/UnrealEngine/Project/TheGame/Content/MSPresets/M_MS_Default_Transmission_Material_VT/Functions/MF_SSSObjAdjustments.uasset" 1130
"C:/UnrealEngine/Project/TheGame/Content/MSPresets/M_MS_Default_Transmission_Material_VT/Functions/MF_SSSObjAdjustments.uexp" 1131
"C:/UnrealEngine/Project/TheGame/Content/MSPresets/M_MS_Default_Transmission_Material/Functions/MF_SSSObjAdjustments.uasset" 1132
"C:/UnrealEngine/Project/TheGame/Content/MSPresets/M_MS_Default_Transmission_Material/Functions/MF_SSSObjAdjustments.uexp" 1133
"C:/UnrealEngine/Project/TheGame/Content/MSPresets/M_MS_Default_Material_VT/Functions/MF_Transmission.uasset" 1134
"C:/UnrealEngine/Project/TheGame/Content/MSPresets/M_MS_Default_Material_VT/Functions/MF_Transmission.uexp" 1135
"C:/UnrealEngine/Project/TheGame/Content/MSPresets/M_MS_Default_Material_VT/Functions/MF_Tiling.uasset" 1136
"C:/UnrealEngine/Project/TheGame/Content/MSPresets/M_MS_Default_Material_VT/Functions/MF_Tiling.uexp" 1137
"C:/UnrealEngine/Project/TheGame/Content/MSPresets/M_MS_Default_Material_VT/Functions/MF_ObjAdjustments.uasset" 1138
"C:/UnrealEngine/Project/TheGame/Content/MSPresets/M_MS_Default_Material_VT/Functions/MF_ObjAdjustments.uexp" 1139
"C:/UnrealEngine/Project/TheGame/Content/MSPresets/M_MS_Default_Material_VT/Functions/MF_MapAdjustments.uasset" 1140
"C:/UnrealEngine/Project/TheGame/Content/MSPresets/M_MS_Default_Material_VT/Functions/MF_MapAdjustments.uexp" 1141
"C:/UnrealEngine/Project/TheGame/Content/MSPresets/M_MS_Default_Material_VT/Functions/MF_Fuzz.uasset" 1142
"C:/UnrealEngine/Project/TheGame/Content/MSPresets/M_MS_Default_Material_VT/Functions/MF_Fuzz.uexp" 1143
"C:/UnrealEngine/Project/TheGame/Content/MSPresets/M_MS_Default_Material_VT/Functions/MF_Displacement.uasset" 1144
"C:/UnrealEngine/Project/TheGame/Content/MSPresets/M_MS_Default_Material_VT/Functions/MF_Displacement.uexp" 1145
"C:/UnrealEngine/Project/TheGame/Content/MSPresets/M_MS_Default_Material_VT/Functions/MF_DetailNormalTiling.uasset" 1146
"C:/UnrealEngine/Project/TheGame/Content/MSPresets/M_MS_Default_Material_VT/Functions/MF_DetailNormalTiling.uexp" 1147
"C:/UnrealEngine/Project/TheGame/Content/MSPresets/M_MS_Default_Material/Functions/MF_Transmission.uasset" 1148
"C:/UnrealEngine/Project/TheGame/Content/MSPresets/M_MS_Default_Material/Functions/MF_Transmission.uexp" 1149
"C:/UnrealEngine/Project/TheGame/Content/MSPresets/M_MS_Default_Material/Functions/MF_Tiling.uasset" 1150
"C:/UnrealEngine/Project/TheGame/Content/MSPresets/M_MS_Default_Material/Functions/MF_Tiling.uexp" 1151
"C:/UnrealEngine/Project/TheGame/Content/MSPresets/M_MS_Default_Material/Functions/MF_ObjAdjustments.uasset" 1152
"C:/UnrealEngine/Project/TheGame/Content/MSPresets/M_MS_Default_Material/Functions/MF_ObjAdjustments.uexp" 1153
"C:/UnrealEngine/Project/TheGame/Content/MSPresets/M_MS_Default_Material/Functions/MF_MapAdjustments.uasset" 1154
"C:/UnrealEngine/Project/TheGame/Content/MSPresets/M_MS_Default_Material/Functions/MF_MapAdjustments.uexp" 1155
"C:/UnrealEngine/Project/TheGame/Content/MSPresets/M_MS_Default_Material/Functions/MF_Fuzz.uasset" 1156
"C:/UnrealEngine/Project/TheGame/Content/MSPresets/M_MS_Default_Material/Functions/MF_Fuzz.uexp" 1157
"C:/UnrealEngine/Project/TheGame/Content/MSPresets/M_MS_Default_Material/Functions/MF_Displacement.uasset" 1158
"C:/UnrealEngine/Project/TheGame/Content/MSPresets/M_MS_Default_Material/Functions/MF_Displacement.uexp" 1159
"C:/UnrealEngine/Project/TheGame/Content/MSPresets/M_MS_Default_Material/Functions/MF_DetailNormalTiling.uasset" 1160
"C:/UnrealEngine/Project/TheGame/Content/MSPresets/M_MS_Default_Material/Functions/MF_DetailNormalTiling.uexp" 1161
"C:/UnrealEngine/Project/TheGame/Content/MSPresets/M_MS_Default_Fuzz_Material_VT/Functions/MF_Tiling.uasset" 1162
"C:/UnrealEngine/Project/TheGame/Content/MSPresets/M_MS_Default_Fuzz_Material_VT/Functions/MF_Tiling.uexp" 1163
"C:/UnrealEngine/Project/TheGame/Content/MSPresets/M_MS_Default_Fuzz_Material_VT/Functions/MF_Fuzz.uasset" 1164
"C:/UnrealEngine/Project/TheGame/Content/MSPresets/M_MS_Default_Fuzz_Material_VT/Functions/MF_Fuzz.uexp" 1165
"C:/UnrealEngine/Project/TheGame/Content/MSPresets/M_MS_Default_Fuzz_Material/Functions/MF_Tiling.uasset" 1166
"C:/UnrealEngine/Project/TheGame/Content/MSPresets/M_MS_Default_Fuzz_Material/Functions/MF_Tiling.uexp" 1167
"C:/UnrealEngine/Project/TheGame/Content/MSPresets/M_MS_Default_Fuzz_Material/Functions/MF_Fuzz.uasset" 1168
"C:/UnrealEngine/Project/TheGame/Content/MSPresets/M_MS_Default_Fuzz_Material/Functions/MF_Fuzz.uexp" 1169
"C:/UnrealEngine/Project/TheGame/Content/MSPresets/M_MS_Surface_Material/M_MS_Surface_Material.uasset" 1170
"C:/UnrealEngine/Project/TheGame/Content/MSPresets/M_MS_Surface_Material/M_MS_Surface_Material.uexp" 1171
"C:/UnrealEngine/Project/TheGame/Content/Megascans/Surfaces/Patterened_Ceramic_Tiles_uk0ocizfw/T_Patterened_Ceramic_Tiles_uk0ocizfw_2K_N.ubulk" 1172
"C:/UnrealEngine/Project/TheGame/Content/Megascans/Surfaces/Patterened_Ceramic_Tiles_uk0ocizfw/T_Patterened_Ceramic_Tiles_uk0ocizfw_2K_N.uasset" 1173
"C:/UnrealEngine/Project/TheGame/Content/Megascans/Surfaces/Patterened_Ceramic_Tiles_uk0ocizfw/T_Patterened_Ceramic_Tiles_uk0ocizfw_2K_N.uexp" 1174
"C:/UnrealEngine/Project/TheGame/Content/Megascans/Surfaces/Patterened_Ceramic_Tiles_uk0ocizfw/T_Patterened_Ceramic_Tiles_uk0ocizfw_2K_D.ubulk" 1175
"C:/UnrealEngine/Project/TheGame/Content/Megascans/Surfaces/Patterened_Ceramic_Tiles_uk0ocizfw/T_Patterened_Ceramic_Tiles_uk0ocizfw_2K_D.uasset" 1176
"C:/UnrealEngine/Project/TheGame/Content/Megascans/Surfaces/Patterened_Ceramic_Tiles_uk0ocizfw/T_Patterened_Ceramic_Tiles_uk0ocizfw_2K_D.uexp" 1177
"C:/UnrealEngine/Project/TheGame/Content/Megascans/Surfaces/Patterened_Ceramic_Tiles_uk0ocizfw/T_PatterenedCeramicTiles_uk0ocizfw_2K_ORDp.ubulk" 1178
"C:/UnrealEngine/Project/TheGame/Content/Megascans/Surfaces/Patterened_Ceramic_Tiles_uk0ocizfw/T_PatterenedCeramicTiles_uk0ocizfw_2K_ORDp.uasset" 1179
"C:/UnrealEngine/Project/TheGame/Content/Megascans/Surfaces/Patterened_Ceramic_Tiles_uk0ocizfw/T_PatterenedCeramicTiles_uk0ocizfw_2K_ORDp.uexp" 1180
"C:/UnrealEngine/Project/TheGame/Content/Megascans/Surfaces/Patterened_Ceramic_Tiles_uk0ocizfw/MI_Patterened_Ceramic_Tiles_uk0ocizfw_2K.uasset" 1181
"C:/UnrealEngine/Project/TheGame/Content/Megascans/Surfaces/Patterened_Ceramic_Tiles_uk0ocizfw/MI_Patterened_Ceramic_Tiles_uk0ocizfw_2K.uexp" 1182
"C:/UnrealEngine/Project/TheGame/Content/Megascans/Surfaces/Gravel_Ground_xdusfjy/T_GravelGround_xdusfjy_2K_ORDp.ubulk" 1183
"C:/UnrealEngine/Project/TheGame/Content/Megascans/Surfaces/Gravel_Ground_xdusfjy/T_GravelGround_xdusfjy_2K_ORDp.uasset" 1184
"C:/UnrealEngine/Project/TheGame/Content/Megascans/Surfaces/Gravel_Ground_xdusfjy/T_GravelGround_xdusfjy_2K_ORDp.uexp" 1185
"C:/UnrealEngine/Project/TheGame/Content/Megascans/Surfaces/Gravel_Ground_xdusfjy/T_Gravel_Ground_xdusfjy_2K_N.ubulk" 1186
"C:/UnrealEngine/Project/TheGame/Content/Megascans/Surfaces/Gravel_Ground_xdusfjy/T_Gravel_Ground_xdusfjy_2K_N.uasset" 1187
"C:/UnrealEngine/Project/TheGame/Content/Megascans/Surfaces/Gravel_Ground_xdusfjy/T_Gravel_Ground_xdusfjy_2K_N.uexp" 1188
"C:/UnrealEngine/Project/TheGame/Content/Megascans/Surfaces/Gravel_Ground_xdusfjy/T_Gravel_Ground_xdusfjy_2K_D.ubulk" 1189
"C:/UnrealEngine/Project/TheGame/Content/Megascans/Surfaces/Gravel_Ground_xdusfjy/T_Gravel_Ground_xdusfjy_2K_D.uasset" 1190
"C:/UnrealEngine/Project/TheGame/Content/Megascans/Surfaces/Gravel_Ground_xdusfjy/T_Gravel_Ground_xdusfjy_2K_D.uexp" 1191
"C:/UnrealEngine/Project/TheGame/Content/Megascans/Surfaces/Gravel_Ground_xdusfjy/MI_Gravel_Ground_xdusfjy_2K.uasset" 1192
"C:/UnrealEngine/Project/TheGame/Content/Megascans/Surfaces/Gravel_Ground_xdusfjy/MI_Gravel_Ground_xdusfjy_2K.uexp" 1193
"C:/UnrealEngine/Project/TheGame/Content/Megascans/Surfaces/Detailed_Mossy_Rock_Texture_xicmef1r/T_DetailedMossyRockTexture_xicmef1r_2K_ORDp.ubulk" 1194
"C:/UnrealEngine/Project/TheGame/Content/Megascans/Surfaces/Detailed_Mossy_Rock_Texture_xicmef1r/T_DetailedMossyRockTexture_xicmef1r_2K_ORDp.uasset" 1195
"C:/UnrealEngine/Project/TheGame/Content/Megascans/Surfaces/Detailed_Mossy_Rock_Texture_xicmef1r/T_DetailedMossyRockTexture_xicmef1r_2K_ORDp.uexp" 1196
"C:/UnrealEngine/Project/TheGame/Content/Megascans/Surfaces/Detailed_Mossy_Rock_Texture_xicmef1r/T_Detailed_Mossy_Rock_Texture_xicmef1r_2K_N.ubulk" 1197
"C:/UnrealEngine/Project/TheGame/Content/Megascans/Surfaces/Detailed_Mossy_Rock_Texture_xicmef1r/T_Detailed_Mossy_Rock_Texture_xicmef1r_2K_N.uasset" 1198
"C:/UnrealEngine/Project/TheGame/Content/Megascans/Surfaces/Detailed_Mossy_Rock_Texture_xicmef1r/T_Detailed_Mossy_Rock_Texture_xicmef1r_2K_N.uexp" 1199
"C:/UnrealEngine/Project/TheGame/Content/Megascans/Surfaces/Detailed_Mossy_Rock_Texture_xicmef1r/T_Detailed_Mossy_Rock_Texture_xicmef1r_2K_D.ubulk" 1200
"C:/UnrealEngine/Project/TheGame/Content/Megascans/Surfaces/Detailed_Mossy_Rock_Texture_xicmef1r/T_Detailed_Mossy_Rock_Texture_xicmef1r_2K_D.uasset" 1201
"C:/UnrealEngine/Project/TheGame/Content/Megascans/Surfaces/Detailed_Mossy_Rock_Texture_xicmef1r/T_Detailed_Mossy_Rock_Texture_xicmef1r_2K_D.uexp" 1202
"C:/UnrealEngine/Project/TheGame/Content/Megascans/Surfaces/Detailed_Mossy_Rock_Texture_xicmef1r/MI_Detailed_Mossy_Rock_Texture_xicmef1r_2K.uasset" 1203
"C:/UnrealEngine/Project/TheGame/Content/Megascans/Surfaces/Detailed_Mossy_Rock_Texture_xicmef1r/MI_Detailed_Mossy_Rock_Texture_xicmef1r_2K.uexp" 1204
"C:/UnrealEngine/Project/TheGame/Content/Megascans/Surfaces/Desert_Outback_Ground_Dirt_Rocky_09_xisbchvs/T_DesertOutbackGroundDirtRocky09_xisbchvs_2K_ORDp.ubulk" 1205
"C:/UnrealEngine/Project/TheGame/Content/Megascans/Surfaces/Desert_Outback_Ground_Dirt_Rocky_09_xisbchvs/T_DesertOutbackGroundDirtRocky09_xisbchvs_2K_ORDp.uasset" 1206
"C:/UnrealEngine/Project/TheGame/Content/Megascans/Surfaces/Desert_Outback_Ground_Dirt_Rocky_09_xisbchvs/T_DesertOutbackGroundDirtRocky09_xisbchvs_2K_ORDp.uexp" 1207
"C:/UnrealEngine/Project/TheGame/Content/Megascans/Surfaces/Desert_Outback_Ground_Dirt_Rocky_09_xisbchvs/T_Desert_Outback_Ground_Dirt_Rocky_09_xisbchvs_2K_N.ubulk" 1208
"C:/UnrealEngine/Project/TheGame/Content/Megascans/Surfaces/Desert_Outback_Ground_Dirt_Rocky_09_xisbchvs/T_Desert_Outback_Ground_Dirt_Rocky_09_xisbchvs_2K_N.uasset" 1209
"C:/UnrealEngine/Project/TheGame/Content/Megascans/Surfaces/Desert_Outback_Ground_Dirt_Rocky_09_xisbchvs/T_Desert_Outback_Ground_Dirt_Rocky_09_xisbchvs_2K_N.uexp" 1210
"C:/UnrealEngine/Project/TheGame/Content/Megascans/Surfaces/Desert_Outback_Ground_Dirt_Rocky_09_xisbchvs/T_Desert_Outback_Ground_Dirt_Rocky_09_xisbchvs_2K_D.ubulk" 1211
"C:/UnrealEngine/Project/TheGame/Content/Megascans/Surfaces/Desert_Outback_Ground_Dirt_Rocky_09_xisbchvs/T_Desert_Outback_Ground_Dirt_Rocky_09_xisbchvs_2K_D.uasset" 1212
"C:/UnrealEngine/Project/TheGame/Content/Megascans/Surfaces/Desert_Outback_Ground_Dirt_Rocky_09_xisbchvs/T_Desert_Outback_Ground_Dirt_Rocky_09_xisbchvs_2K_D.uexp" 1213
"C:/UnrealEngine/Project/TheGame/Content/Megascans/Surfaces/Desert_Outback_Ground_Dirt_Rocky_09_xisbchvs/MI_Desert_Outback_Ground_Dirt_Rocky_09_xisbchvs_2K.uasset" 1214
"C:/UnrealEngine/Project/TheGame/Content/Megascans/Surfaces/Desert_Outback_Ground_Dirt_Rocky_09_xisbchvs/MI_Desert_Outback_Ground_Dirt_Rocky_09_xisbchvs_2K.uexp" 1215
"C:/UnrealEngine/Project/TheGame/Content/Megascans/Surfaces/Beach_Cliff_wdeldbi/T_Beach_Cliff_wdeldbi_2K_N.ubulk" 1216
"C:/UnrealEngine/Project/TheGame/Content/Megascans/Surfaces/Beach_Cliff_wdeldbi/T_Beach_Cliff_wdeldbi_2K_N.uasset" 1217
"C:/UnrealEngine/Project/TheGame/Content/Megascans/Surfaces/Beach_Cliff_wdeldbi/T_Beach_Cliff_wdeldbi_2K_N.uexp" 1218
"C:/UnrealEngine/Project/TheGame/Content/Megascans/Surfaces/Beach_Cliff_wdeldbi/T_Beach_Cliff_wdeldbi_2K_D.ubulk" 1219
"C:/UnrealEngine/Project/TheGame/Content/Megascans/Surfaces/Beach_Cliff_wdeldbi/T_Beach_Cliff_wdeldbi_2K_D.uasset" 1220
"C:/UnrealEngine/Project/TheGame/Content/Megascans/Surfaces/Beach_Cliff_wdeldbi/T_Beach_Cliff_wdeldbi_2K_D.uexp" 1221
"C:/UnrealEngine/Project/TheGame/Content/Megascans/Surfaces/Beach_Cliff_wdeldbi/T_BeachCliff_wdeldbi_2K_ORDp.ubulk" 1222
"C:/UnrealEngine/Project/TheGame/Content/Megascans/Surfaces/Beach_Cliff_wdeldbi/T_BeachCliff_wdeldbi_2K_ORDp.uasset" 1223
"C:/UnrealEngine/Project/TheGame/Content/Megascans/Surfaces/Beach_Cliff_wdeldbi/T_BeachCliff_wdeldbi_2K_ORDp.uexp" 1224
"C:/UnrealEngine/Project/TheGame/Content/Megascans/Surfaces/Beach_Cliff_wdeldbi/MI_Beach_Cliff_wdeldbi_2K.uasset" 1225
"C:/UnrealEngine/Project/TheGame/Content/Megascans/Surfaces/Beach_Cliff_wdeldbi/MI_Beach_Cliff_wdeldbi_2K.uexp" 1226
"C:/UnrealEngine/Project/TheGame/Content/Megascans/3D_Assets/Desert_Western_Spire_Layered_Xl_01_yd1gfbjab/T_Desert_Western_Spire_Layered_Xl_01_yd1gfbjab_2K_N.ubulk" 1227
"C:/UnrealEngine/Project/TheGame/Content/Megascans/3D_Assets/Desert_Western_Spire_Layered_Xl_01_yd1gfbjab/T_Desert_Western_Spire_Layered_Xl_01_yd1gfbjab_2K_N.uasset" 1228
"C:/UnrealEngine/Project/TheGame/Content/Megascans/3D_Assets/Desert_Western_Spire_Layered_Xl_01_yd1gfbjab/T_Desert_Western_Spire_Layered_Xl_01_yd1gfbjab_2K_N.uexp" 1229
"C:/UnrealEngine/Project/TheGame/Content/MSPresets/M_MS_Default_Material/M_MS_Default_Material.uasset" 1230
"C:/UnrealEngine/Project/TheGame/Content/MSPresets/M_MS_Default_Material/M_MS_Default_Material.uexp" 1231
"C:/UnrealEngine/Project/TheGame/Content/Megascans/3D_Assets/Desert_Western_Spire_Layered_Xl_01_yd1gfbjab/T_DesertWesternSpireLayeredXl01_yd1gfbjab_2K_DpR.ubulk" 1232
"C:/UnrealEngine/Project/TheGame/Content/Megascans/3D_Assets/Desert_Western_Spire_Layered_Xl_01_yd1gfbjab/T_DesertWesternSpireLayeredXl01_yd1gfbjab_2K_DpR.uasset" 1233
"C:/UnrealEngine/Project/TheGame/Content/Megascans/3D_Assets/Desert_Western_Spire_Layered_Xl_01_yd1gfbjab/T_DesertWesternSpireLayeredXl01_yd1gfbjab_2K_DpR.uexp" 1234
"C:/UnrealEngine/Project/TheGame/Content/Megascans/3D_Assets/Desert_Western_Spire_Layered_Xl_01_yd1gfbjab/T_Desert_Western_Spire_Layered_Xl_01_yd1gfbjab_2K_D.ubulk" 1235
"C:/UnrealEngine/Project/TheGame/Content/Megascans/3D_Assets/Desert_Western_Spire_Layered_Xl_01_yd1gfbjab/T_Desert_Western_Spire_Layered_Xl_01_yd1gfbjab_2K_D.uasset" 1236
"C:/UnrealEngine/Project/TheGame/Content/Megascans/3D_Assets/Desert_Western_Spire_Layered_Xl_01_yd1gfbjab/T_Desert_Western_Spire_Layered_Xl_01_yd1gfbjab_2K_D.uexp" 1237
"C:/UnrealEngine/Project/TheGame/Content/Megascans/3D_Assets/Desert_Western_Spire_Layered_Xl_01_yd1gfbjab/MI_Desert_Western_Spire_Layered_Xl_01_yd1gfbjab_2K.uasset" 1238
"C:/UnrealEngine/Project/TheGame/Content/Megascans/3D_Assets/Desert_Western_Spire_Layered_Xl_01_yd1gfbjab/MI_Desert_Western_Spire_Layered_Xl_01_yd1gfbjab_2K.uexp" 1239
"C:/UnrealEngine/Project/TheGame/Content/Megascans/3D_Assets/Desert_Western_Spire_Layered_Xl_01_yd1gfbjab/S_Desert_Western_Spire_Layered_Xl_01_yd1gfbjab_lod3_Var1.ubulk" 1240
"C:/UnrealEngine/Project/TheGame/Content/Megascans/3D_Assets/Desert_Western_Spire_Layered_Xl_01_yd1gfbjab/S_Desert_Western_Spire_Layered_Xl_01_yd1gfbjab_lod3_Var1.uasset" 1241
"C:/UnrealEngine/Project/TheGame/Content/Megascans/3D_Assets/Desert_Western_Spire_Layered_Xl_01_yd1gfbjab/S_Desert_Western_Spire_Layered_Xl_01_yd1gfbjab_lod3_Var1.uexp" 1242
"C:/UnrealEngine/Project/TheGame/Content/Megascans/3D_Assets/Desert_Western_Ledge_Sand_Medium_03_xgjndej/T_DesertWesternLedgeSandMedium03_xgjndej_2K_DpR.ubulk" 1243
"C:/UnrealEngine/Project/TheGame/Content/Megascans/3D_Assets/Desert_Western_Ledge_Sand_Medium_03_xgjndej/T_DesertWesternLedgeSandMedium03_xgjndej_2K_DpR.uasset" 1244
"C:/UnrealEngine/Project/TheGame/Content/Megascans/3D_Assets/Desert_Western_Ledge_Sand_Medium_03_xgjndej/T_DesertWesternLedgeSandMedium03_xgjndej_2K_DpR.uexp" 1245
"C:/UnrealEngine/Project/TheGame/Content/Megascans/3D_Assets/Desert_Western_Ledge_Sand_Medium_03_xgjndej/T_Desert_Western_Ledge_Sand_Medium_03_xgjndej_2K_N.ubulk" 1246
"C:/UnrealEngine/Project/TheGame/Content/Megascans/3D_Assets/Desert_Western_Ledge_Sand_Medium_03_xgjndej/T_Desert_Western_Ledge_Sand_Medium_03_xgjndej_2K_N.uasset" 1247
"C:/UnrealEngine/Project/TheGame/Content/Megascans/3D_Assets/Desert_Western_Ledge_Sand_Medium_03_xgjndej/T_Desert_Western_Ledge_Sand_Medium_03_xgjndej_2K_N.uexp" 1248
"C:/UnrealEngine/Project/TheGame/Content/Megascans/3D_Assets/Desert_Western_Ledge_Sand_Medium_03_xgjndej/T_Desert_Western_Ledge_Sand_Medium_03_xgjndej_2K_D.ubulk" 1249
"C:/UnrealEngine/Project/TheGame/Content/Megascans/3D_Assets/Desert_Western_Ledge_Sand_Medium_03_xgjndej/T_Desert_Western_Ledge_Sand_Medium_03_xgjndej_2K_D.uasset" 1250
"C:/UnrealEngine/Project/TheGame/Content/Megascans/3D_Assets/Desert_Western_Ledge_Sand_Medium_03_xgjndej/T_Desert_Western_Ledge_Sand_Medium_03_xgjndej_2K_D.uexp" 1251
"C:/UnrealEngine/Project/TheGame/Content/Megascans/3D_Assets/Desert_Western_Ledge_Sand_Medium_03_xgjndej/MI_Desert_Western_Ledge_Sand_Medium_03_xgjndej_2K.uasset" 1252
"C:/UnrealEngine/Project/TheGame/Content/Megascans/3D_Assets/Desert_Western_Ledge_Sand_Medium_03_xgjndej/MI_Desert_Western_Ledge_Sand_Medium_03_xgjndej_2K.uexp" 1253
"C:/UnrealEngine/Project/TheGame/Content/Megascans/3D_Assets/Desert_Western_Ledge_Sand_Medium_03_xgjndej/S_Desert_Western_Ledge_Sand_Medium_03_xgjndej_lod3.ubulk" 1254
"C:/UnrealEngine/Project/TheGame/Content/Megascans/3D_Assets/Desert_Western_Ledge_Sand_Medium_03_xgjndej/S_Desert_Western_Ledge_Sand_Medium_03_xgjndej_lod3.uasset" 1255
"C:/UnrealEngine/Project/TheGame/Content/Megascans/3D_Assets/Desert_Western_Ledge_Sand_Medium_03_xgjndej/S_Desert_Western_Ledge_Sand_Medium_03_xgjndej_lod3.uexp" 1256
"C:/UnrealEngine/Project/TheGame/Content/Megascans/3D_Assets/Desert_Western_Ledge_Rock_Corner_Medium_01_xgkqeis/T_Desert_Western_Ledge_Rock_Corner_Medium_01_xgkqeis_2K_N.ubulk" 1257
"C:/UnrealEngine/Project/TheGame/Content/Megascans/3D_Assets/Desert_Western_Ledge_Rock_Corner_Medium_01_xgkqeis/T_Desert_Western_Ledge_Rock_Corner_Medium_01_xgkqeis_2K_N.uasset" 1258
"C:/UnrealEngine/Project/TheGame/Content/Megascans/3D_Assets/Desert_Western_Ledge_Rock_Corner_Medium_01_xgkqeis/T_Desert_Western_Ledge_Rock_Corner_Medium_01_xgkqeis_2K_N.uexp" 1259
"C:/UnrealEngine/Project/TheGame/Content/Megascans/3D_Assets/Desert_Western_Ledge_Rock_Corner_Medium_01_xgkqeis/T_DesertWesternLedgeRockCornerMedium01_xgkqeis_2K_DpR.ubulk" 1260
"C:/UnrealEngine/Project/TheGame/Content/Megascans/3D_Assets/Desert_Western_Ledge_Rock_Corner_Medium_01_xgkqeis/T_DesertWesternLedgeRockCornerMedium01_xgkqeis_2K_DpR.uasset" 1261
"C:/UnrealEngine/Project/TheGame/Content/Megascans/3D_Assets/Desert_Western_Ledge_Rock_Corner_Medium_01_xgkqeis/T_DesertWesternLedgeRockCornerMedium01_xgkqeis_2K_DpR.uexp" 1262
"C:/UnrealEngine/Project/TheGame/Content/Megascans/3D_Assets/Desert_Western_Ledge_Rock_Corner_Medium_01_xgkqeis/T_Desert_Western_Ledge_Rock_Corner_Medium_01_xgkqeis_2K_D.ubulk" 1263
"C:/UnrealEngine/Project/TheGame/Content/Megascans/3D_Assets/Desert_Western_Ledge_Rock_Corner_Medium_01_xgkqeis/T_Desert_Western_Ledge_Rock_Corner_Medium_01_xgkqeis_2K_D.uasset" 1264
"C:/UnrealEngine/Project/TheGame/Content/Megascans/3D_Assets/Desert_Western_Ledge_Rock_Corner_Medium_01_xgkqeis/T_Desert_Western_Ledge_Rock_Corner_Medium_01_xgkqeis_2K_D.uexp" 1265
"C:/UnrealEngine/Project/TheGame/Content/Megascans/3D_Assets/Desert_Western_Ledge_Rock_Corner_Medium_01_xgkqeis/MI_Desert_Western_Ledge_Rock_Corner_Medium_01_xgkqeis_2K.uasset" 1266
"C:/UnrealEngine/Project/TheGame/Content/Megascans/3D_Assets/Desert_Western_Ledge_Rock_Corner_Medium_01_xgkqeis/MI_Desert_Western_Ledge_Rock_Corner_Medium_01_xgkqeis_2K.uexp" 1267
"C:/UnrealEngine/Project/TheGame/Content/Megascans/3D_Assets/Desert_Western_Ledge_Rock_Corner_Medium_01_xgkqeis/S_Desert_Western_Ledge_Rock_Corner_Medium_01_xgkqeis_lod3.ubulk" 1268
"C:/UnrealEngine/Project/TheGame/Content/Megascans/3D_Assets/Desert_Western_Ledge_Rock_Corner_Medium_01_xgkqeis/S_Desert_Western_Ledge_Rock_Corner_Medium_01_xgkqeis_lod3.uasset" 1269
"C:/UnrealEngine/Project/TheGame/Content/Megascans/3D_Assets/Desert_Western_Ledge_Rock_Corner_Medium_01_xgkqeis/S_Desert_Western_Ledge_Rock_Corner_Medium_01_xgkqeis_lod3.uexp" 1270
"C:/UnrealEngine/Project/TheGame/Content/Megascans/3D_Assets/Desert_Western_Cluster_Rock_Large_03_xgoracz/T_DesertWesternClusterRockLarge03_xgoracz_2K_DpR.ubulk" 1271
"C:/UnrealEngine/Project/TheGame/Content/Megascans/3D_Assets/Desert_Western_Cluster_Rock_Large_03_xgoracz/T_DesertWesternClusterRockLarge03_xgoracz_2K_DpR.uasset" 1272
"C:/UnrealEngine/Project/TheGame/Content/Megascans/3D_Assets/Desert_Western_Cluster_Rock_Large_03_xgoracz/T_DesertWesternClusterRockLarge03_xgoracz_2K_DpR.uexp" 1273
"C:/UnrealEngine/Project/TheGame/Content/Megascans/3D_Assets/Desert_Western_Cluster_Rock_Large_03_xgoracz/T_Desert_Western_Cluster_Rock_Large_03_xgoracz_2K_D.ubulk" 1274
"C:/UnrealEngine/Project/TheGame/Content/Megascans/3D_Assets/Desert_Western_Cluster_Rock_Large_03_xgoracz/T_Desert_Western_Cluster_Rock_Large_03_xgoracz_2K_D.uasset" 1275
"C:/UnrealEngine/Project/TheGame/Content/Megascans/3D_Assets/Desert_Western_Cluster_Rock_Large_03_xgoracz/T_Desert_Western_Cluster_Rock_Large_03_xgoracz_2K_D.uexp" 1276
"C:/UnrealEngine/Project/TheGame/Content/Megascans/3D_Assets/Desert_Western_Cluster_Rock_Large_03_xgoracz/T_Desert_Western_Cluster_Rock_Large_03_xgoracz_2K_N.ubulk" 1277
"C:/UnrealEngine/Project/TheGame/Content/Megascans/3D_Assets/Desert_Western_Cluster_Rock_Large_03_xgoracz/T_Desert_Western_Cluster_Rock_Large_03_xgoracz_2K_N.uasset" 1278
"C:/UnrealEngine/Project/TheGame/Content/Megascans/3D_Assets/Desert_Western_Cluster_Rock_Large_03_xgoracz/T_Desert_Western_Cluster_Rock_Large_03_xgoracz_2K_N.uexp" 1279
"C:/UnrealEngine/Project/TheGame/Content/Megascans/3D_Assets/Desert_Western_Cluster_Rock_Large_03_xgoracz/MI_Desert_Western_Cluster_Rock_Large_03_xgoracz_2K.uasset" 1280
"C:/UnrealEngine/Project/TheGame/Content/Megascans/3D_Assets/Desert_Western_Cluster_Rock_Large_03_xgoracz/MI_Desert_Western_Cluster_Rock_Large_03_xgoracz_2K.uexp" 1281
"C:/UnrealEngine/Project/TheGame/Content/Megascans/3D_Assets/Desert_Western_Cluster_Rock_Large_03_xgoracz/S_Desert_Western_Cluster_Rock_Large_03_xgoracz_lod3.ubulk" 1282
"C:/UnrealEngine/Project/TheGame/Content/Megascans/3D_Assets/Desert_Western_Cluster_Rock_Large_03_xgoracz/S_Desert_Western_Cluster_Rock_Large_03_xgoracz_lod3.uasset" 1283
"C:/UnrealEngine/Project/TheGame/Content/Megascans/3D_Assets/Desert_Western_Cluster_Rock_Large_03_xgoracz/S_Desert_Western_Cluster_Rock_Large_03_xgoracz_lod3.uexp" 1284
"C:/UnrealEngine/Project/TheGame/Content/Megascans/3D_Assets/Desert_Western_Cliff_Sheer_Xl_02_xgjodeb/T_Desert_Western_Cliff_Sheer_Xl_02_xgjodeb_2K_D.ubulk" 1285
"C:/UnrealEngine/Project/TheGame/Content/Megascans/3D_Assets/Desert_Western_Cliff_Sheer_Xl_02_xgjodeb/T_Desert_Western_Cliff_Sheer_Xl_02_xgjodeb_2K_D.uasset" 1286
"C:/UnrealEngine/Project/TheGame/Content/Megascans/3D_Assets/Desert_Western_Cliff_Sheer_Xl_02_xgjodeb/T_Desert_Western_Cliff_Sheer_Xl_02_xgjodeb_2K_D.uexp" 1287
"C:/UnrealEngine/Project/TheGame/Content/Megascans/3D_Assets/Desert_Western_Cliff_Sheer_Xl_02_xgjodeb/T_DesertWesternCliffSheerXl02_xgjodeb_2K_DpR.ubulk" 1288
"C:/UnrealEngine/Project/TheGame/Content/Megascans/3D_Assets/Desert_Western_Cliff_Sheer_Xl_02_xgjodeb/T_DesertWesternCliffSheerXl02_xgjodeb_2K_DpR.uasset" 1289
"C:/UnrealEngine/Project/TheGame/Content/Megascans/3D_Assets/Desert_Western_Cliff_Sheer_Xl_02_xgjodeb/T_DesertWesternCliffSheerXl02_xgjodeb_2K_DpR.uexp" 1290
"C:/UnrealEngine/Project/TheGame/Content/Megascans/3D_Assets/Desert_Western_Cliff_Sheer_Xl_02_xgjodeb/T_Desert_Western_Cliff_Sheer_Xl_02_xgjodeb_2K_N.ubulk" 1291
"C:/UnrealEngine/Project/TheGame/Content/Megascans/3D_Assets/Desert_Western_Cliff_Sheer_Xl_02_xgjodeb/T_Desert_Western_Cliff_Sheer_Xl_02_xgjodeb_2K_N.uasset" 1292
"C:/UnrealEngine/Project/TheGame/Content/Megascans/3D_Assets/Desert_Western_Cliff_Sheer_Xl_02_xgjodeb/T_Desert_Western_Cliff_Sheer_Xl_02_xgjodeb_2K_N.uexp" 1293
"C:/UnrealEngine/Project/TheGame/Content/Megascans/3D_Assets/Desert_Western_Cliff_Sheer_Xl_02_xgjodeb/MI_Desert_Western_Cliff_Sheer_Xl_02_xgjodeb_2K.uasset" 1294
"C:/UnrealEngine/Project/TheGame/Content/Megascans/3D_Assets/Desert_Western_Cliff_Sheer_Xl_02_xgjodeb/MI_Desert_Western_Cliff_Sheer_Xl_02_xgjodeb_2K.uexp" 1295
"C:/UnrealEngine/Project/TheGame/Content/Megascans/3D_Assets/Desert_Western_Cliff_Sheer_Xl_02_xgjodeb/S_Desert_Western_Cliff_Sheer_Xl_02_xgjodeb_lod3.ubulk" 1296
"C:/UnrealEngine/Project/TheGame/Content/Megascans/3D_Assets/Desert_Western_Cliff_Sheer_Xl_02_xgjodeb/S_Desert_Western_Cliff_Sheer_Xl_02_xgjodeb_lod3.uasset" 1297
"C:/UnrealEngine/Project/TheGame/Content/Megascans/3D_Assets/Desert_Western_Cliff_Sheer_Xl_02_xgjodeb/S_Desert_Western_Cliff_Sheer_Xl_02_xgjodeb_lod3.uexp" 1298
"C:/UnrealEngine/Project/TheGame/Content/Characters/Mannequin_UE4/Rigs/RTG_UE5Manny_UE4Manny.uasset" 1299
"C:/UnrealEngine/Project/TheGame/Content/Characters/Mannequin_UE4/Rigs/RTG_UE5Manny_UE4Manny.uexp" 1300
"C:/UnrealEngine/Project/TheGame/Content/Characters/Mannequin_UE4/Rigs/RTG_UE4Manny_UE5Manny.uasset" 1301
"C:/UnrealEngine/Project/TheGame/Content/Characters/Mannequin_UE4/Rigs/RTG_UE4Manny_UE5Manny.uexp" 1302
"C:/UnrealEngine/Project/TheGame/Content/Characters/Mannequin_UE4/Rigs/IK_UE4_Mannequin.uasset" 1303
"C:/UnrealEngine/Project/TheGame/Content/Characters/Mannequin_UE4/Rigs/IK_UE4_Mannequin.uexp" 1304
"C:/UnrealEngine/Project/TheGame/Content/Characters/Mannequin_UE4/Textures/T_UELogo_N_TGA.ubulk" 1305
"C:/UnrealEngine/Project/TheGame/Content/Characters/Mannequin_UE4/Textures/T_UELogo_N_TGA.uasset" 1306
"C:/UnrealEngine/Project/TheGame/Content/Characters/Mannequin_UE4/Textures/T_UELogo_N_TGA.uexp" 1307
"C:/UnrealEngine/Project/TheGame/Content/Characters/Mannequin_UE4/Textures/T_UE4_Mannequin__normals.ubulk" 1308
"C:/UnrealEngine/Project/TheGame/Content/Characters/Mannequin_UE4/Textures/T_UE4_Mannequin__normals.uasset" 1309
"C:/UnrealEngine/Project/TheGame/Content/Characters/Mannequin_UE4/Textures/T_UE4_Mannequin__normals.uexp" 1310
"C:/UnrealEngine/Project/TheGame/Content/Characters/Mannequin_UE4/Materials/Layers/ML_ShinyPlastic_Beige.uasset" 1311
"C:/UnrealEngine/Project/TheGame/Content/Characters/Mannequin_UE4/Materials/Layers/ML_ShinyPlastic_Beige.uexp" 1312
"../../../Engine/Content/Functions/Engine_MaterialFunctions02/Utility/BlendAngleCorrectedNormals.uasset" 1313
"../../../Engine/Content/Functions/Engine_MaterialFunctions02/Utility/BlendAngleCorrectedNormals.uexp" 1314
"../../../Engine/Content/Functions/MaterialLayerFunctions/MatLayerBlend_NormalBlend.uasset" 1315
"../../../Engine/Content/Functions/MaterialLayerFunctions/MatLayerBlend_NormalBlend.uexp" 1316
"C:/UnrealEngine/Project/TheGame/Content/Characters/Mannequin_UE4/Textures/T_UELogo_Mask.ubulk" 1317
"C:/UnrealEngine/Project/TheGame/Content/Characters/Mannequin_UE4/Textures/T_UELogo_Mask.uasset" 1318
"C:/UnrealEngine/Project/TheGame/Content/Characters/Mannequin_UE4/Textures/T_UELogo_Mask.uexp" 1319
"C:/UnrealEngine/Project/TheGame/Content/Characters/Mannequin_UE4/Materials/Layers/ML_ShinyPlastic_Beige_Logo.uasset" 1320
"C:/UnrealEngine/Project/TheGame/Content/Characters/Mannequin_UE4/Materials/Layers/ML_ShinyPlastic_Beige_Logo.uexp" 1321
"C:/UnrealEngine/Project/TheGame/Content/Characters/Mannequin_UE4/Textures/T_UE4_Mannequin_MAT_MASKA.ubulk" 1322
"C:/UnrealEngine/Project/TheGame/Content/Characters/Mannequin_UE4/Textures/T_UE4_Mannequin_MAT_MASKA.uasset" 1323
"C:/UnrealEngine/Project/TheGame/Content/Characters/Mannequin_UE4/Textures/T_UE4_Mannequin_MAT_MASKA.uexp" 1324
"C:/UnrealEngine/Project/TheGame/Content/Characters/Mannequin_UE4/Textures/T_ML_Aluminum01_N.ubulk" 1325
"C:/UnrealEngine/Project/TheGame/Content/Characters/Mannequin_UE4/Textures/T_ML_Aluminum01_N.uasset" 1326
"C:/UnrealEngine/Project/TheGame/Content/Characters/Mannequin_UE4/Textures/T_ML_Aluminum01_N.uexp" 1327
"C:/UnrealEngine/Project/TheGame/Content/Characters/Mannequin_UE4/Textures/T_ML_Aluminum01.ubulk" 1328
"C:/UnrealEngine/Project/TheGame/Content/Characters/Mannequin_UE4/Textures/T_ML_Aluminum01.uasset" 1329
"C:/UnrealEngine/Project/TheGame/Content/Characters/Mannequin_UE4/Textures/T_ML_Aluminum01.uexp" 1330
"C:/UnrealEngine/Project/TheGame/Content/Characters/Mannequin_UE4/Materials/Layers/ML_SoftMetal.uasset" 1331
"C:/UnrealEngine/Project/TheGame/Content/Characters/Mannequin_UE4/Materials/Layers/ML_SoftMetal.uexp" 1332
"../../../Engine/Content/Functions/MaterialLayerFunctions/MatLayerBlend_Simple.uasset" 1333
"../../../Engine/Content/Functions/MaterialLayerFunctions/MatLayerBlend_Simple.uexp" 1334
"C:/UnrealEngine/Project/TheGame/Content/Characters/Mannequin_UE4/Textures/T_ML_Rubber_Blue_01_N.ubulk" 1335
"C:/UnrealEngine/Project/TheGame/Content/Characters/Mannequin_UE4/Textures/T_ML_Rubber_Blue_01_N.uasset" 1336
"C:/UnrealEngine/Project/TheGame/Content/Characters/Mannequin_UE4/Textures/T_ML_Rubber_Blue_01_N.uexp" 1337
"C:/UnrealEngine/Project/TheGame/Content/Characters/Mannequin_UE4/Textures/T_ML_Rubber_Blue_01_D.ubulk" 1338
"C:/UnrealEngine/Project/TheGame/Content/Characters/Mannequin_UE4/Textures/T_ML_Rubber_Blue_01_D.uasset" 1339
"C:/UnrealEngine/Project/TheGame/Content/Characters/Mannequin_UE4/Textures/T_ML_Rubber_Blue_01_D.uexp" 1340
"C:/UnrealEngine/Project/TheGame/Content/Characters/Mannequin_UE4/Materials/Layers/ML_Latex_Black.uasset" 1341
"C:/UnrealEngine/Project/TheGame/Content/Characters/Mannequin_UE4/Materials/Layers/ML_Latex_Black.uexp" 1342
"C:/UnrealEngine/Project/TheGame/Content/Characters/Mannequin_UE4/Materials/M_MannequinUE4_Body.uasset" 1343
"C:/UnrealEngine/Project/TheGame/Content/Characters/Mannequin_UE4/Materials/M_MannequinUE4_Body.uexp" 1344
"C:/UnrealEngine/Project/TheGame/Content/Characters/Mannequin_UE4/Materials/M_MannequinUE4_ChestLogo.uasset" 1345
"C:/UnrealEngine/Project/TheGame/Content/Characters/Mannequin_UE4/Materials/M_MannequinUE4_ChestLogo.uexp" 1346
"C:/UnrealEngine/Project/TheGame/Content/Characters/Mannequin_UE4/Meshes/SK_Mannequin_PhysicsAsset.uasset" 1347
"C:/UnrealEngine/Project/TheGame/Content/Characters/Mannequin_UE4/Meshes/SK_Mannequin_PhysicsAsset.uexp" 1348
"C:/UnrealEngine/Project/TheGame/Content/Characters/Mannequin_UE4/Meshes/SK_Mannequin_Skeleton.uasset" 1349
"C:/UnrealEngine/Project/TheGame/Content/Characters/Mannequin_UE4/Meshes/SK_Mannequin_Skeleton.uexp" 1350
"C:/UnrealEngine/Project/TheGame/Content/Characters/Mannequin_UE4/Meshes/SK_Mannequin.uasset" 1351
"C:/UnrealEngine/Project/TheGame/Content/Characters/Mannequin_UE4/Meshes/SK_Mannequin.uexp" 1352
"../../../Engine/Content/Animation/DefaultAnimCurveCompressionSettings.uasset" 1353
"../../../Engine/Content/Animation/DefaultAnimCurveCompressionSettings.uexp" 1354
"../../../Engine/Content/Animation/DefaultAnimBoneCompressionSettings.uasset" 1355
"../../../Engine/Content/Animation/DefaultAnimBoneCompressionSettings.uexp" 1356
"C:/UnrealEngine/Project/TheGame/Content/Characters/Mannequin_UE4/Animations/Jog_Fwd.uasset" 1357
"C:/UnrealEngine/Project/TheGame/Content/Characters/Mannequin_UE4/Animations/Jog_Fwd.uexp" 1358
"C:/UnrealEngine/Project/TheGame/Content/Characters/Mannequins/Rigs/RTG_Mannequin.uasset" 1359
"C:/UnrealEngine/Project/TheGame/Content/Characters/Mannequins/Rigs/RTG_Mannequin.uexp" 1360
"C:/UnrealEngine/Project/TheGame/Content/Characters/Mannequins/Rigs/IK_Mannequin.uasset" 1361
"C:/UnrealEngine/Project/TheGame/Content/Characters/Mannequins/Rigs/IK_Mannequin.uexp" 1362
"../../../Engine/Plugins/Animation/ControlRig/Content/Controls/DefaultGizmoLibraryNormalized.uasset" 1363
"../../../Engine/Plugins/Animation/ControlRig/Content/Controls/DefaultGizmoLibraryNormalized.uexp" 1364
"C:/UnrealEngine/Project/TheGame/Content/Characters/Mannequins/Rigs/CR_Mannequin_Body.uasset" 1365
"C:/UnrealEngine/Project/TheGame/Content/Characters/Mannequins/Rigs/CR_Mannequin_Body.uexp" 1366
"C:/UnrealEngine/Project/TheGame/Content/Characters/Mannequins/Meshes/SK_Mannequin.uasset" 1367
"C:/UnrealEngine/Project/TheGame/Content/Characters/Mannequins/Meshes/SK_Mannequin.uexp" 1368
"C:/UnrealEngine/Project/TheGame/Content/Characters/Mannequins/Rigs/Poses/Quinn/Quinn_foot_l_anim.uasset" 1369
"C:/UnrealEngine/Project/TheGame/Content/Characters/Mannequins/Rigs/Poses/Quinn/Quinn_foot_l_anim.uexp" 1370
"C:/UnrealEngine/Project/TheGame/Content/Characters/Mannequins/Rigs/Poses/Quinn/Quinn_foot_l_pose.uasset" 1371
"C:/UnrealEngine/Project/TheGame/Content/Characters/Mannequins/Rigs/Poses/Quinn/Quinn_foot_l_pose.uexp" 1372
"C:/UnrealEngine/Project/TheGame/Content/Characters/Mannequins/Rigs/Poses/Quinn/Quinn_clavicle_l_anim.uasset" 1373
"C:/UnrealEngine/Project/TheGame/Content/Characters/Mannequins/Rigs/Poses/Quinn/Quinn_clavicle_l_anim.uexp" 1374
"C:/UnrealEngine/Project/TheGame/Content/Characters/Mannequins/Rigs/Poses/Quinn/Quinn_clavicle_l_pose.uasset" 1375
"C:/UnrealEngine/Project/TheGame/Content/Characters/Mannequins/Rigs/Poses/Quinn/Quinn_clavicle_l_pose.uexp" 1376
"C:/UnrealEngine/Project/TheGame/Content/Characters/Mannequins/Rigs/Poses/Quinn/Quinn_clavicle_r_anim.uasset" 1377
"C:/UnrealEngine/Project/TheGame/Content/Characters/Mannequins/Rigs/Poses/Quinn/Quinn_clavicle_r_anim.uexp" 1378
"C:/UnrealEngine/Project/TheGame/Content/Characters/Mannequins/Rigs/Poses/Quinn/Quinn_clavicle_r_pose.uasset" 1379
"C:/UnrealEngine/Project/TheGame/Content/Characters/Mannequins/Rigs/Poses/Quinn/Quinn_clavicle_r_pose.uexp" 1380
"C:/UnrealEngine/Project/TheGame/Content/Characters/Mannequins/Rigs/Poses/Quinn/Quinn_upperarm_l_anim.uasset" 1381
"C:/UnrealEngine/Project/TheGame/Content/Characters/Mannequins/Rigs/Poses/Quinn/Quinn_upperarm_l_anim.uexp" 1382
"C:/UnrealEngine/Project/TheGame/Content/Characters/Mannequins/Rigs/Poses/Quinn/Quinn_upperarm_l_pose.uasset" 1383
"C:/UnrealEngine/Project/TheGame/Content/Characters/Mannequins/Rigs/Poses/Quinn/Quinn_upperarm_l_pose.uexp" 1384
"C:/UnrealEngine/Project/TheGame/Content/Characters/Mannequins/Rigs/Poses/Quinn/Quinn_lowerarm_l_anim.uasset" 1385
"C:/UnrealEngine/Project/TheGame/Content/Characters/Mannequins/Rigs/Poses/Quinn/Quinn_lowerarm_l_anim.uexp" 1386
"C:/UnrealEngine/Project/TheGame/Content/Characters/Mannequins/Rigs/Poses/Quinn/Quinn_lowerarm_l_pose.uasset" 1387
"C:/UnrealEngine/Project/TheGame/Content/Characters/Mannequins/Rigs/Poses/Quinn/Quinn_lowerarm_l_pose.uexp" 1388
"C:/UnrealEngine/Project/TheGame/Content/Characters/Mannequins/Rigs/Poses/Quinn/Quinn_calf_l_anim.uasset" 1389
"C:/UnrealEngine/Project/TheGame/Content/Characters/Mannequins/Rigs/Poses/Quinn/Quinn_calf_l_anim.uexp" 1390
"C:/UnrealEngine/Project/TheGame/Content/Characters/Mannequins/Rigs/Poses/Quinn/Quinn_calf_l_pose.uasset" 1391
"C:/UnrealEngine/Project/TheGame/Content/Characters/Mannequins/Rigs/Poses/Quinn/Quinn_calf_l_pose.uexp" 1392
"../../../Engine/Plugins/Animation/ControlRig/Content/Controls/DefaultGizmoLibrary.uasset" 1393
"../../../Engine/Plugins/Animation/ControlRig/Content/Controls/DefaultGizmoLibrary.uexp" 1394
"C:/UnrealEngine/Project/TheGame/Content/Characters/Mannequins/Rigs/CR_Mannequin_Procedural.uasset" 1395
"C:/UnrealEngine/Project/TheGame/Content/Characters/Mannequins/Rigs/CR_Mannequin_Procedural.uexp" 1396
"C:/UnrealEngine/Project/TheGame/Content/Characters/Mannequins/Rigs/Poses/Quinn/Quinn_upperarm_r_anim.uasset" 1397
"C:/UnrealEngine/Project/TheGame/Content/Characters/Mannequins/Rigs/Poses/Quinn/Quinn_upperarm_r_anim.uexp" 1398
"C:/UnrealEngine/Project/TheGame/Content/Characters/Mannequins/Rigs/Poses/Quinn/Quinn_upperarm_r_pose.uasset" 1399
"C:/UnrealEngine/Project/TheGame/Content/Characters/Mannequins/Rigs/Poses/Quinn/Quinn_upperarm_r_pose.uexp" 1400
"C:/UnrealEngine/Project/TheGame/Content/Characters/Mannequins/Rigs/Poses/Quinn/Quinn_calf_r_anim.uasset" 1401
"C:/UnrealEngine/Project/TheGame/Content/Characters/Mannequins/Rigs/Poses/Quinn/Quinn_calf_r_anim.uexp" 1402
"C:/UnrealEngine/Project/TheGame/Content/Characters/Mannequins/Rigs/Poses/Quinn/Quinn_calf_r_pose.uasset" 1403
"C:/UnrealEngine/Project/TheGame/Content/Characters/Mannequins/Rigs/Poses/Quinn/Quinn_calf_r_pose.uexp" 1404
"C:/UnrealEngine/Project/TheGame/Content/Characters/Mannequins/Rigs/Poses/Quinn/Quinn_foot_r_anim.uasset" 1405
"C:/UnrealEngine/Project/TheGame/Content/Characters/Mannequins/Rigs/Poses/Quinn/Quinn_foot_r_anim.uexp" 1406
"C:/UnrealEngine/Project/TheGame/Content/Characters/Mannequins/Rigs/Poses/Quinn/Quinn_foot_r_pose.uasset" 1407
"C:/UnrealEngine/Project/TheGame/Content/Characters/Mannequins/Rigs/Poses/Quinn/Quinn_foot_r_pose.uexp" 1408
"C:/UnrealEngine/Project/TheGame/Content/Characters/Mannequins/Rigs/Poses/Quinn/Quinn_lowerarm_r_anim.uasset" 1409
"C:/UnrealEngine/Project/TheGame/Content/Characters/Mannequins/Rigs/Poses/Quinn/Quinn_lowerarm_r_anim.uexp" 1410
"C:/UnrealEngine/Project/TheGame/Content/Characters/Mannequins/Rigs/Poses/Quinn/Quinn_lowerarm_r_pose.uasset" 1411
"C:/UnrealEngine/Project/TheGame/Content/Characters/Mannequins/Rigs/Poses/Quinn/Quinn_lowerarm_r_pose.uexp" 1412
"C:/UnrealEngine/Project/TheGame/Content/Characters/Mannequins/Rigs/Poses/Quinn/Quinn_thigh_l_anim.uasset" 1413
"C:/UnrealEngine/Project/TheGame/Content/Characters/Mannequins/Rigs/Poses/Quinn/Quinn_thigh_l_anim.uexp" 1414
"C:/UnrealEngine/Project/TheGame/Content/Characters/Mannequins/Rigs/Poses/Quinn/Quinn_thigh_l_pose.uasset" 1415
"C:/UnrealEngine/Project/TheGame/Content/Characters/Mannequins/Rigs/Poses/Quinn/Quinn_thigh_l_pose.uexp" 1416
"C:/UnrealEngine/Project/TheGame/Content/Characters/Mannequins/Rigs/Poses/Quinn/Quinn_thigh_r_anim.uasset" 1417
"C:/UnrealEngine/Project/TheGame/Content/Characters/Mannequins/Rigs/Poses/Quinn/Quinn_thigh_r_anim.uexp" 1418
"C:/UnrealEngine/Project/TheGame/Content/Characters/Mannequins/Rigs/Poses/Quinn/Quinn_thigh_r_pose.uasset" 1419
"C:/UnrealEngine/Project/TheGame/Content/Characters/Mannequins/Rigs/Poses/Quinn/Quinn_thigh_r_pose.uexp" 1420
"C:/UnrealEngine/Project/TheGame/Content/Characters/Mannequins/Rigs/Poses/Quinn/Quinn_hand_l_anim.uasset" 1421
"C:/UnrealEngine/Project/TheGame/Content/Characters/Mannequins/Rigs/Poses/Quinn/Quinn_hand_l_anim.uexp" 1422
"C:/UnrealEngine/Project/TheGame/Content/Characters/Mannequins/Rigs/Poses/Quinn/Quinn_hand_l_pose.uasset" 1423
"C:/UnrealEngine/Project/TheGame/Content/Characters/Mannequins/Rigs/Poses/Quinn/Quinn_hand_l_pose.uexp" 1424
"C:/UnrealEngine/Project/TheGame/Content/Characters/Mannequins/Rigs/Poses/Quinn/Quinn_hand_r_anim.uasset" 1425
"C:/UnrealEngine/Project/TheGame/Content/Characters/Mannequins/Rigs/Poses/Quinn/Quinn_hand_r_anim.uexp" 1426
"C:/UnrealEngine/Project/TheGame/Content/Characters/Mannequins/Rigs/Poses/Quinn/Quinn_hand_r_pose.uasset" 1427
"C:/UnrealEngine/Project/TheGame/Content/Characters/Mannequins/Rigs/Poses/Quinn/Quinn_hand_r_pose.uexp" 1428
"C:/UnrealEngine/Project/TheGame/Content/Characters/Mannequins/Rigs/ABP_Quinn_PostProcess.uasset" 1429
"C:/UnrealEngine/Project/TheGame/Content/Characters/Mannequins/Rigs/ABP_Quinn_PostProcess.uexp" 1430
"C:/UnrealEngine/Project/TheGame/Content/Characters/Mannequins/Textures/Quinn/T_Quinn_02ID_MSR_MSK.ubulk" 1431
"C:/UnrealEngine/Project/TheGame/Content/Characters/Mannequins/Textures/Quinn/T_Quinn_02ID_MSR_MSK.uasset" 1432
"C:/UnrealEngine/Project/TheGame/Content/Characters/Mannequins/Textures/Quinn/T_Quinn_02ID_MSR_MSK.uexp" 1433
"C:/UnrealEngine/Project/TheGame/Content/Characters/Mannequins/Textures/Quinn/T_Quinn_02ID_BN.ubulk" 1434
"C:/UnrealEngine/Project/TheGame/Content/Characters/Mannequins/Textures/Quinn/T_Quinn_02ID_BN.uasset" 1435
"C:/UnrealEngine/Project/TheGame/Content/Characters/Mannequins/Textures/Quinn/T_Quinn_02ID_BN.uexp" 1436
"C:/UnrealEngine/Project/TheGame/Content/Characters/Mannequins/Textures/Quinn/T_Quinn_02_ASAOMASK_MSK.ubulk" 1437
"C:/UnrealEngine/Project/TheGame/Content/Characters/Mannequins/Textures/Quinn/T_Quinn_02_ASAOMASK_MSK.uasset" 1438
"C:/UnrealEngine/Project/TheGame/Content/Characters/Mannequins/Textures/Quinn/T_Quinn_02_ASAOMASK_MSK.uexp" 1439
"C:/UnrealEngine/Project/TheGame/Content/Characters/Mannequins/Textures/Quinn/T_Quinn_02_CCRCCPlastic_MSK.ubulk" 1440
"C:/UnrealEngine/Project/TheGame/Content/Characters/Mannequins/Textures/Quinn/T_Quinn_02_CCRCCPlastic_MSK.uasset" 1441
"C:/UnrealEngine/Project/TheGame/Content/Characters/Mannequins/Textures/Quinn/T_Quinn_02_CCRCCPlastic_MSK.uexp" 1442
"C:/UnrealEngine/Project/TheGame/Content/Characters/Mannequins/Textures/Quinn/T_Quinn_02ID_Tan.ubulk" 1443
"C:/UnrealEngine/Project/TheGame/Content/Characters/Mannequins/Textures/Quinn/T_Quinn_02ID_Tan.uasset" 1444
"C:/UnrealEngine/Project/TheGame/Content/Characters/Mannequins/Textures/Quinn/T_Quinn_02ID_Tan.uexp" 1445
"C:/UnrealEngine/Project/TheGame/Content/Characters/Mannequins/Textures/Quinn/T_Quinn_02ID_D.ubulk" 1446
"C:/UnrealEngine/Project/TheGame/Content/Characters/Mannequins/Textures/Quinn/T_Quinn_02ID_D.uasset" 1447
"C:/UnrealEngine/Project/TheGame/Content/Characters/Mannequins/Textures/Quinn/T_Quinn_02ID_D.uexp" 1448
"C:/UnrealEngine/Project/TheGame/Content/Characters/Mannequins/Textures/Quinn/T_Quinn_01ID_MSR_MSK.ubulk" 1449
"C:/UnrealEngine/Project/TheGame/Content/Characters/Mannequins/Textures/Quinn/T_Quinn_01ID_MSR_MSK.uasset" 1450
"C:/UnrealEngine/Project/TheGame/Content/Characters/Mannequins/Textures/Quinn/T_Quinn_01ID_MSR_MSK.uexp" 1451
"C:/UnrealEngine/Project/TheGame/Content/Characters/Mannequins/Materials/Functions/ChromaticCurve.uasset" 1452
"C:/UnrealEngine/Project/TheGame/Content/Characters/Mannequins/Materials/Functions/ChromaticCurve.uexp" 1453
"C:/UnrealEngine/Project/TheGame/Content/Characters/Mannequins/Materials/Functions/CA_Mannequin.uasset" 1454
"C:/UnrealEngine/Project/TheGame/Content/Characters/Mannequins/Materials/Functions/CA_Mannequin.uexp" 1455
"C:/UnrealEngine/Project/TheGame/Content/Characters/Mannequins/Materials/Functions/MF_Diffraction.uasset" 1456
"C:/UnrealEngine/Project/TheGame/Content/Characters/Mannequins/Materials/Functions/MF_Diffraction.uexp" 1457
"C:/UnrealEngine/Project/TheGame/Content/Characters/Mannequins/Textures/Manny/T_Manny_01_N.ubulk" 1458
"C:/UnrealEngine/Project/TheGame/Content/Characters/Mannequins/Textures/Manny/T_Manny_01_N.uasset" 1459
"C:/UnrealEngine/Project/TheGame/Content/Characters/Mannequins/Textures/Manny/T_Manny_01_N.uexp" 1460
"C:/UnrealEngine/Project/TheGame/Content/Characters/Mannequins/Materials/Functions/ML_BaseColorFallOff.uasset" 1461
"C:/UnrealEngine/Project/TheGame/Content/Characters/Mannequins/Materials/Functions/ML_BaseColorFallOff.uexp" 1462
"../../../Engine/Content/Functions/Engine_MaterialFunctions01/Texturing/ScaleUVsByCenter.uasset" 1463
"../../../Engine/Content/Functions/Engine_MaterialFunctions01/Texturing/ScaleUVsByCenter.uexp" 1464
"C:/UnrealEngine/Project/TheGame/Content/Characters/Mannequins/Textures/Shared/T_UE_Logo_M.uasset" 1465
"C:/UnrealEngine/Project/TheGame/Content/Characters/Mannequins/Textures/Shared/T_UE_Logo_M.uexp" 1466
"C:/UnrealEngine/Project/TheGame/Content/Characters/Mannequins/Materials/Functions/MF_logo3layers.uasset" 1467
"C:/UnrealEngine/Project/TheGame/Content/Characters/Mannequins/Materials/Functions/MF_logo3layers.uexp" 1468
"C:/UnrealEngine/Project/TheGame/Content/Characters/Mannequins/Textures/Manny/T_Manny_01_CCRCCPlastic_MSK.ubulk" 1469
"C:/UnrealEngine/Project/TheGame/Content/Characters/Mannequins/Textures/Manny/T_Manny_01_CCRCCPlastic_MSK.uasset" 1470
"C:/UnrealEngine/Project/TheGame/Content/Characters/Mannequins/Textures/Manny/T_Manny_01_CCRCCPlastic_MSK.uexp" 1471
"C:/UnrealEngine/Project/TheGame/Content/Characters/Mannequins/Textures/Manny/T_Manny_01_ASAOPMASK_MSK.ubulk" 1472
"C:/UnrealEngine/Project/TheGame/Content/Characters/Mannequins/Textures/Manny/T_Manny_01_ASAOPMASK_MSK.uasset" 1473
"C:/UnrealEngine/Project/TheGame/Content/Characters/Mannequins/Textures/Manny/T_Manny_01_ASAOPMASK_MSK.uexp" 1474
"C:/UnrealEngine/Project/TheGame/Content/Characters/Mannequins/Textures/Manny/T_Manny_01_MSR_MSK.ubulk" 1475
"C:/UnrealEngine/Project/TheGame/Content/Characters/Mannequins/Textures/Manny/T_Manny_01_MSR_MSK.uasset" 1476
"C:/UnrealEngine/Project/TheGame/Content/Characters/Mannequins/Textures/Manny/T_Manny_01_MSR_MSK.uexp" 1477
"C:/UnrealEngine/Project/TheGame/Content/Characters/Mannequins/Textures/Manny/T_Manny_01_BN.ubulk" 1478
"C:/UnrealEngine/Project/TheGame/Content/Characters/Mannequins/Textures/Manny/T_Manny_01_BN.uasset" 1479
"C:/UnrealEngine/Project/TheGame/Content/Characters/Mannequins/Textures/Manny/T_Manny_01_BN.uexp" 1480
"C:/UnrealEngine/Project/TheGame/Content/Characters/Mannequins/Textures/Manny/T_Manny_01_D.ubulk" 1481
"C:/UnrealEngine/Project/TheGame/Content/Characters/Mannequins/Textures/Manny/T_Manny_01_D.uasset" 1482
"C:/UnrealEngine/Project/TheGame/Content/Characters/Mannequins/Textures/Manny/T_Manny_01_D.uexp" 1483
"C:/UnrealEngine/Project/TheGame/Content/Characters/Mannequins/Textures/Manny/T_Manny_01_Tan.ubulk" 1484
"C:/UnrealEngine/Project/TheGame/Content/Characters/Mannequins/Textures/Manny/T_Manny_01_Tan.uasset" 1485
"C:/UnrealEngine/Project/TheGame/Content/Characters/Mannequins/Textures/Manny/T_Manny_01_Tan.uexp" 1486
"C:/UnrealEngine/Project/TheGame/Content/Characters/Mannequins/Materials/M_Mannequin.uasset" 1487
"C:/UnrealEngine/Project/TheGame/Content/Characters/Mannequins/Materials/M_Mannequin.uexp" 1488
"C:/UnrealEngine/Project/TheGame/Content/Characters/Mannequins/Textures/Quinn/T_Quinn_01_ASAOMASK_MSK.ubulk" 1489
"C:/UnrealEngine/Project/TheGame/Content/Characters/Mannequins/Textures/Quinn/T_Quinn_01_ASAOMASK_MSK.uasset" 1490
"C:/UnrealEngine/Project/TheGame/Content/Characters/Mannequins/Textures/Quinn/T_Quinn_01_ASAOMASK_MSK.uexp" 1491
"C:/UnrealEngine/Project/TheGame/Content/Characters/Mannequins/Textures/Quinn/T_Quinn_01ID_N.ubulk" 1492
"C:/UnrealEngine/Project/TheGame/Content/Characters/Mannequins/Textures/Quinn/T_Quinn_01ID_N.uasset" 1493
"C:/UnrealEngine/Project/TheGame/Content/Characters/Mannequins/Textures/Quinn/T_Quinn_01ID_N.uexp" 1494
"C:/UnrealEngine/Project/TheGame/Content/Characters/Mannequins/Textures/Quinn/T_Quinn_01ID_BN.ubulk" 1495
"C:/UnrealEngine/Project/TheGame/Content/Characters/Mannequins/Textures/Quinn/T_Quinn_01ID_BN.uasset" 1496
"C:/UnrealEngine/Project/TheGame/Content/Characters/Mannequins/Textures/Quinn/T_Quinn_01ID_BN.uexp" 1497
"C:/UnrealEngine/Project/TheGame/Content/Characters/Mannequins/Textures/Quinn/T_Quinn_01ID_D.ubulk" 1498
"C:/UnrealEngine/Project/TheGame/Content/Characters/Mannequins/Textures/Quinn/T_Quinn_01ID_D.uasset" 1499
"C:/UnrealEngine/Project/TheGame/Content/Characters/Mannequins/Textures/Quinn/T_Quinn_01ID_D.uexp" 1500
"C:/UnrealEngine/Project/TheGame/Content/Characters/Mannequins/Textures/Quinn/T_Quinn_01ID_Tan.ubulk" 1501
"C:/UnrealEngine/Project/TheGame/Content/Characters/Mannequins/Textures/Quinn/T_Quinn_01ID_Tan.uasset" 1502
"C:/UnrealEngine/Project/TheGame/Content/Characters/Mannequins/Textures/Quinn/T_Quinn_01ID_Tan.uexp" 1503
"C:/UnrealEngine/Project/TheGame/Content/Characters/Mannequins/Textures/Quinn/T_Quinn_01_CCRCCPlastic_MSK.ubulk" 1504
"C:/UnrealEngine/Project/TheGame/Content/Characters/Mannequins/Textures/Quinn/T_Quinn_01_CCRCCPlastic_MSK.uasset" 1505
"C:/UnrealEngine/Project/TheGame/Content/Characters/Mannequins/Textures/Quinn/T_Quinn_01_CCRCCPlastic_MSK.uexp" 1506
"C:/UnrealEngine/Project/TheGame/Content/Characters/Mannequins/Materials/Instances/Quinn/MI_Quinn_01.uasset" 1507
"C:/UnrealEngine/Project/TheGame/Content/Characters/Mannequins/Materials/Instances/Quinn/MI_Quinn_01.uexp" 1508
"C:/UnrealEngine/Project/TheGame/Content/Characters/Mannequins/Textures/Quinn/T_Quinn_02ID_N.ubulk" 1509
"C:/UnrealEngine/Project/TheGame/Content/Characters/Mannequins/Textures/Quinn/T_Quinn_02ID_N.uasset" 1510
"C:/UnrealEngine/Project/TheGame/Content/Characters/Mannequins/Textures/Quinn/T_Quinn_02ID_N.uexp" 1511
"C:/UnrealEngine/Project/TheGame/Content/Characters/Mannequins/Materials/Instances/Quinn/MI_Quinn_02.uasset" 1512
"C:/UnrealEngine/Project/TheGame/Content/Characters/Mannequins/Materials/Instances/Quinn/MI_Quinn_02.uexp" 1513
"C:/UnrealEngine/Project/TheGame/Content/Characters/Mannequins/Rigs/PA_Mannequin.uasset" 1514
"C:/UnrealEngine/Project/TheGame/Content/Characters/Mannequins/Rigs/PA_Mannequin.uexp" 1515
"C:/UnrealEngine/Project/TheGame/Content/Characters/Mannequins/Meshes/SKM_Quinn.uasset" 1516
"C:/UnrealEngine/Project/TheGame/Content/Characters/Mannequins/Meshes/SKM_Quinn.uexp" 1517
"C:/UnrealEngine/Project/TheGame/Content/Characters/Mannequins/Rigs/Poses/Manny/Manny_foot_l_anim.uasset" 1518
"C:/UnrealEngine/Project/TheGame/Content/Characters/Mannequins/Rigs/Poses/Manny/Manny_foot_l_anim.uexp" 1519
"C:/UnrealEngine/Project/TheGame/Content/Characters/Mannequins/Rigs/Poses/Manny/Manny_foot_l_pose.uasset" 1520
"C:/UnrealEngine/Project/TheGame/Content/Characters/Mannequins/Rigs/Poses/Manny/Manny_foot_l_pose.uexp" 1521
"C:/UnrealEngine/Project/TheGame/Content/Characters/Mannequins/Rigs/Poses/Manny/Manny_thigh_r_anim.uasset" 1522
"C:/UnrealEngine/Project/TheGame/Content/Characters/Mannequins/Rigs/Poses/Manny/Manny_thigh_r_anim.uexp" 1523
"C:/UnrealEngine/Project/TheGame/Content/Characters/Mannequins/Rigs/Poses/Manny/Manny_thigh_r_pose.uasset" 1524
"C:/UnrealEngine/Project/TheGame/Content/Characters/Mannequins/Rigs/Poses/Manny/Manny_thigh_r_pose.uexp" 1525
"C:/UnrealEngine/Project/TheGame/Content/Characters/Mannequins/Rigs/Poses/Manny/Manny_hand_r_anim.uasset" 1526
"C:/UnrealEngine/Project/TheGame/Content/Characters/Mannequins/Rigs/Poses/Manny/Manny_hand_r_anim.uexp" 1527
"C:/UnrealEngine/Project/TheGame/Content/Characters/Mannequins/Rigs/Poses/Manny/Manny_hand_r_pose.uasset" 1528
"C:/UnrealEngine/Project/TheGame/Content/Characters/Mannequins/Rigs/Poses/Manny/Manny_hand_r_pose.uexp" 1529
"C:/UnrealEngine/Project/TheGame/Content/Characters/Mannequins/Rigs/Poses/Manny/Manny_clavicle_l_anim.uasset" 1530
"C:/UnrealEngine/Project/TheGame/Content/Characters/Mannequins/Rigs/Poses/Manny/Manny_clavicle_l_anim.uexp" 1531
"C:/UnrealEngine/Project/TheGame/Content/Characters/Mannequins/Rigs/Poses/Manny/Manny_clavicle_l_pose.uasset" 1532
"C:/UnrealEngine/Project/TheGame/Content/Characters/Mannequins/Rigs/Poses/Manny/Manny_clavicle_l_pose.uexp" 1533
"C:/UnrealEngine/Project/TheGame/Content/Characters/Mannequins/Rigs/Poses/Manny/Manny_calf_l_anim.uasset" 1534
"C:/UnrealEngine/Project/TheGame/Content/Characters/Mannequins/Rigs/Poses/Manny/Manny_calf_l_anim.uexp" 1535
"C:/UnrealEngine/Project/TheGame/Content/Characters/Mannequins/Rigs/Poses/Manny/Manny_calf_l_pose.uasset" 1536
"C:/UnrealEngine/Project/TheGame/Content/Characters/Mannequins/Rigs/Poses/Manny/Manny_calf_l_pose.uexp" 1537
"C:/UnrealEngine/Project/TheGame/Content/Characters/Mannequins/Rigs/Poses/Manny/Manny_hand_l_anim.uasset" 1538
"C:/UnrealEngine/Project/TheGame/Content/Characters/Mannequins/Rigs/Poses/Manny/Manny_hand_l_anim.uexp" 1539
"C:/UnrealEngine/Project/TheGame/Content/Characters/Mannequins/Rigs/Poses/Manny/Manny_hand_l_pose.uasset" 1540
"C:/UnrealEngine/Project/TheGame/Content/Characters/Mannequins/Rigs/Poses/Manny/Manny_hand_l_pose.uexp" 1541
"C:/UnrealEngine/Project/TheGame/Content/Characters/Mannequins/Rigs/Poses/Manny/Manny_upperarm_r_anim.uasset" 1542
"C:/UnrealEngine/Project/TheGame/Content/Characters/Mannequins/Rigs/Poses/Manny/Manny_upperarm_r_anim.uexp" 1543
"C:/UnrealEngine/Project/TheGame/Content/Characters/Mannequins/Rigs/Poses/Manny/Manny_upperarm_r_pose.uasset" 1544
"C:/UnrealEngine/Project/TheGame/Content/Characters/Mannequins/Rigs/Poses/Manny/Manny_upperarm_r_pose.uexp" 1545
"C:/UnrealEngine/Project/TheGame/Content/Characters/Mannequins/Rigs/Poses/Manny/Manny_lowerarm_r_anim.uasset" 1546
"C:/UnrealEngine/Project/TheGame/Content/Characters/Mannequins/Rigs/Poses/Manny/Manny_lowerarm_r_anim.uexp" 1547
"C:/UnrealEngine/Project/TheGame/Content/Characters/Mannequins/Rigs/Poses/Manny/Manny_lowerarm_r_pose.uasset" 1548
"C:/UnrealEngine/Project/TheGame/Content/Characters/Mannequins/Rigs/Poses/Manny/Manny_lowerarm_r_pose.uexp" 1549
"C:/UnrealEngine/Project/TheGame/Content/Characters/Mannequins/Rigs/Poses/Manny/Manny_calf_r_anim.uasset" 1550
"C:/UnrealEngine/Project/TheGame/Content/Characters/Mannequins/Rigs/Poses/Manny/Manny_calf_r_anim.uexp" 1551
"C:/UnrealEngine/Project/TheGame/Content/Characters/Mannequins/Rigs/Poses/Manny/Manny_calf_r_pose.uasset" 1552
"C:/UnrealEngine/Project/TheGame/Content/Characters/Mannequins/Rigs/Poses/Manny/Manny_calf_r_pose.uexp" 1553
"C:/UnrealEngine/Project/TheGame/Content/Characters/Mannequins/Rigs/Poses/Manny/Manny_foot_r_anim.uasset" 1554
"C:/UnrealEngine/Project/TheGame/Content/Characters/Mannequins/Rigs/Poses/Manny/Manny_foot_r_anim.uexp" 1555
"C:/UnrealEngine/Project/TheGame/Content/Characters/Mannequins/Rigs/Poses/Manny/Manny_foot_r_pose.uasset" 1556
"C:/UnrealEngine/Project/TheGame/Content/Characters/Mannequins/Rigs/Poses/Manny/Manny_foot_r_pose.uexp" 1557
"C:/UnrealEngine/Project/TheGame/Content/Characters/Mannequins/Rigs/Poses/Manny/Manny_lowerarm_l_anim.uasset" 1558
"C:/UnrealEngine/Project/TheGame/Content/Characters/Mannequins/Rigs/Poses/Manny/Manny_lowerarm_l_anim.uexp" 1559
"C:/UnrealEngine/Project/TheGame/Content/Characters/Mannequins/Rigs/Poses/Manny/Manny_lowerarm_l_pose.uasset" 1560
"C:/UnrealEngine/Project/TheGame/Content/Characters/Mannequins/Rigs/Poses/Manny/Manny_lowerarm_l_pose.uexp" 1561
"C:/UnrealEngine/Project/TheGame/Content/Characters/Mannequins/Rigs/Poses/Manny/Manny_clavicle_r_anim.uasset" 1562
"C:/UnrealEngine/Project/TheGame/Content/Characters/Mannequins/Rigs/Poses/Manny/Manny_clavicle_r_anim.uexp" 1563
"C:/UnrealEngine/Project/TheGame/Content/Characters/Mannequins/Rigs/Poses/Manny/Manny_clavicle_r_pose.uasset" 1564
"C:/UnrealEngine/Project/TheGame/Content/Characters/Mannequins/Rigs/Poses/Manny/Manny_clavicle_r_pose.uexp" 1565
"C:/UnrealEngine/Project/TheGame/Content/Characters/Mannequins/Rigs/Poses/Manny/Manny_thigh_l_anim.uasset" 1566
"C:/UnrealEngine/Project/TheGame/Content/Characters/Mannequins/Rigs/Poses/Manny/Manny_thigh_l_anim.uexp" 1567
"C:/UnrealEngine/Project/TheGame/Content/Characters/Mannequins/Rigs/Poses/Manny/Manny_thigh_l_pose.uasset" 1568
"C:/UnrealEngine/Project/TheGame/Content/Characters/Mannequins/Rigs/Poses/Manny/Manny_thigh_l_pose.uexp" 1569
"C:/UnrealEngine/Project/TheGame/Content/Characters/Mannequins/Rigs/Poses/Manny/Manny_upperarm_l_anim.uasset" 1570
"C:/UnrealEngine/Project/TheGame/Content/Characters/Mannequins/Rigs/Poses/Manny/Manny_upperarm_l_anim.uexp" 1571
"C:/UnrealEngine/Project/TheGame/Content/Characters/Mannequins/Rigs/Poses/Manny/Manny_upperarm_l_pose.uasset" 1572
"C:/UnrealEngine/Project/TheGame/Content/Characters/Mannequins/Rigs/Poses/Manny/Manny_upperarm_l_pose.uexp" 1573
"C:/UnrealEngine/Project/TheGame/Content/Characters/Mannequins/Rigs/ABP_Manny_PostProcess.uasset" 1574
"C:/UnrealEngine/Project/TheGame/Content/Characters/Mannequins/Rigs/ABP_Manny_PostProcess.uexp" 1575
"C:/UnrealEngine/Project/TheGame/Content/Characters/Mannequins/Textures/Manny/T_Manny_02_MSR_MSK.ubulk" 1576
"C:/UnrealEngine/Project/TheGame/Content/Characters/Mannequins/Textures/Manny/T_Manny_02_MSR_MSK.uasset" 1577
"C:/UnrealEngine/Project/TheGame/Content/Characters/Mannequins/Textures/Manny/T_Manny_02_MSR_MSK.uexp" 1578
"C:/UnrealEngine/Project/TheGame/Content/Characters/Mannequins/Textures/Manny/T_Manny_02_CCRCCPlastic_MSK.ubulk" 1579
"C:/UnrealEngine/Project/TheGame/Content/Characters/Mannequins/Textures/Manny/T_Manny_02_CCRCCPlastic_MSK.uasset" 1580
"C:/UnrealEngine/Project/TheGame/Content/Characters/Mannequins/Textures/Manny/T_Manny_02_CCRCCPlastic_MSK.uexp" 1581
"C:/UnrealEngine/Project/TheGame/Content/Characters/Mannequins/Textures/Manny/T_Manny_02_Tan.ubulk" 1582
"C:/UnrealEngine/Project/TheGame/Content/Characters/Mannequins/Textures/Manny/T_Manny_02_Tan.uasset" 1583
"C:/UnrealEngine/Project/TheGame/Content/Characters/Mannequins/Textures/Manny/T_Manny_02_Tan.uexp" 1584
"C:/UnrealEngine/Project/TheGame/Content/Characters/Mannequins/Textures/Manny/T_Manny_02_N.ubulk" 1585
"C:/UnrealEngine/Project/TheGame/Content/Characters/Mannequins/Textures/Manny/T_Manny_02_N.uasset" 1586
"C:/UnrealEngine/Project/TheGame/Content/Characters/Mannequins/Textures/Manny/T_Manny_02_N.uexp" 1587
"C:/UnrealEngine/Project/TheGame/Content/Characters/Mannequins/Materials/Instances/Manny/MI_Manny_01.uasset" 1588
"C:/UnrealEngine/Project/TheGame/Content/Characters/Mannequins/Materials/Instances/Manny/MI_Manny_01.uexp" 1589
"C:/UnrealEngine/Project/TheGame/Content/Characters/Mannequins/Textures/Manny/T_Manny_02_BN.ubulk" 1590
"C:/UnrealEngine/Project/TheGame/Content/Characters/Mannequins/Textures/Manny/T_Manny_02_BN.uasset" 1591
"C:/UnrealEngine/Project/TheGame/Content/Characters/Mannequins/Textures/Manny/T_Manny_02_BN.uexp" 1592
"C:/UnrealEngine/Project/TheGame/Content/Characters/Mannequins/Textures/Manny/T_Manny_02_ASAOPMASK_MSK.ubulk" 1593
"C:/UnrealEngine/Project/TheGame/Content/Characters/Mannequins/Textures/Manny/T_Manny_02_ASAOPMASK_MSK.uasset" 1594
"C:/UnrealEngine/Project/TheGame/Content/Characters/Mannequins/Textures/Manny/T_Manny_02_ASAOPMASK_MSK.uexp" 1595
"C:/UnrealEngine/Project/TheGame/Content/Characters/Mannequins/Textures/Manny/T_Manny_02_D.ubulk" 1596
"C:/UnrealEngine/Project/TheGame/Content/Characters/Mannequins/Textures/Manny/T_Manny_02_D.uasset" 1597
"C:/UnrealEngine/Project/TheGame/Content/Characters/Mannequins/Textures/Manny/T_Manny_02_D.uexp" 1598
"C:/UnrealEngine/Project/TheGame/Content/Characters/Mannequins/Materials/Instances/Manny/MI_Manny_02.uasset" 1599
"C:/UnrealEngine/Project/TheGame/Content/Characters/Mannequins/Materials/Instances/Manny/MI_Manny_02.uexp" 1600
"C:/UnrealEngine/Project/TheGame/Content/Characters/Mannequins/Meshes/SKM_Manny.uasset" 1601
"C:/UnrealEngine/Project/TheGame/Content/Characters/Mannequins/Meshes/SKM_Manny.uexp" 1602
"C:/UnrealEngine/Project/TheGame/Content/Characters/Mannequins/Meshes/Mannequin_LODSettings.uasset" 1603
"C:/UnrealEngine/Project/TheGame/Content/Characters/Mannequins/Meshes/Mannequin_LODSettings.uexp" 1604
"../../../Engine/Content/EngineMaterials/Substrate/Volume/SubstrateSimpleVolumeLUT3D.uasset" 1605
"../../../Engine/Content/EngineMaterials/Substrate/Volume/SubstrateSimpleVolumeLUT3D.uexp" 1606
"../../../Engine/Content/EngineMaterials/Substrate/Volume/SubstrateSimpleVolumeEnvLUT3D.uasset" 1607
"../../../Engine/Content/EngineMaterials/Substrate/Volume/SubstrateSimpleVolumeEnvLUT3D.uexp" 1608
"../../../Engine/Content/EngineMaterials/FlattenMaterial_WS_Normal_VT.uasset" 1609
"../../../Engine/Content/EngineMaterials/FlattenMaterial_WS_Normal_VT.uexp" 1610
"../../../Engine/Content/OpenWorldTemplate/HLOD/HLOD0_Instancing.uasset" 1611
"../../../Engine/Content/OpenWorldTemplate/HLOD/HLOD0_Instancing.uexp" 1612
"../../../Engine/Content/EngineSky/T_Sky_Stars.ubulk" 1613
"../../../Engine/Content/EngineSky/T_Sky_Stars.uasset" 1614
"../../../Engine/Content/EngineSky/T_Sky_Stars.uexp" 1615
"../../../Engine/Content/EngineSky/T_Sky_Clouds_M.ubulk" 1616
"../../../Engine/Content/EngineSky/T_Sky_Clouds_M.uasset" 1617
"../../../Engine/Content/EngineSky/T_Sky_Clouds_M.uexp" 1618
"../../../Engine/Content/EngineSky/T_Sky_Blue.ubulk" 1619
"../../../Engine/Content/EngineSky/T_Sky_Blue.uasset" 1620
"../../../Engine/Content/EngineSky/T_Sky_Blue.uexp" 1621
"../../../Engine/Content/EngineSky/M_Sky_Panning_Clouds2.uasset" 1622
"../../../Engine/Content/EngineSky/M_Sky_Panning_Clouds2.uexp" 1623
"../../../Engine/Content/EngineSky/SM_SkySphere.ubulk" 1624
"../../../Engine/Content/EngineSky/SM_SkySphere.uasset" 1625
"../../../Engine/Content/EngineSky/SM_SkySphere.uexp" 1626
"../../../Engine/Content/EngineSky/M_SimpleSkyDome.uasset" 1627
"../../../Engine/Content/EngineSky/M_SimpleSkyDome.uexp" 1628
"C:/UnrealEngine/Project/TheGame/Content/Map1_sharedassets/Rock_LayerInfo.uasset" 1629
"C:/UnrealEngine/Project/TheGame/Content/Map1_sharedassets/Rock_LayerInfo.uexp" 1630
"../../../Engine/Content/EngineMaterials/WeightMapPlaceholderTexture.uasset" 1631
"../../../Engine/Content/EngineMaterials/WeightMapPlaceholderTexture.uexp" 1632
"../../../Engine/Content/EngineMaterials/WeightMapArrayPlaceholderTexture.uasset" 1633
"../../../Engine/Content/EngineMaterials/WeightMapArrayPlaceholderTexture.uexp" 1634
"C:/UnrealEngine/Project/TheGame/Content/Materials/MaterialGround.uasset" 1635
"C:/UnrealEngine/Project/TheGame/Content/Materials/MaterialGround.uexp" 1636
"C:/UnrealEngine/Project/TheGame/Content/Map1_sharedassets/Grass_LayerInfo.uasset" 1637
"C:/UnrealEngine/Project/TheGame/Content/Map1_sharedassets/Grass_LayerInfo.uexp" 1638
"../../../Engine/Content/EngineMaterials/DefaultPhysicalMaterial.uasset" 1639
"../../../Engine/Content/EngineMaterials/DefaultPhysicalMaterial.uexp" 1640
"C:/UnrealEngine/Project/TheGame/Content/MSPresets/M_MS_SurfaceBlend_Material/LayerFunctions/Top/MF_TopLayerTextures.uasset" 1641
"C:/UnrealEngine/Project/TheGame/Content/MSPresets/M_MS_SurfaceBlend_Material/LayerFunctions/Top/MF_TopLayerTextures.uexp" 1642
"C:/UnrealEngine/Project/TheGame/Content/MSPresets/M_MS_SurfaceBlend_Material/LayerFunctions/Top/MF_TopLayerTessellation.uasset" 1643
"C:/UnrealEngine/Project/TheGame/Content/MSPresets/M_MS_SurfaceBlend_Material/LayerFunctions/Top/MF_TopLayerTessellation.uexp" 1644
"C:/UnrealEngine/Project/TheGame/Content/MSPresets/M_MS_SurfaceBlend_Material/LayerFunctions/Top/MF_TopLayerAdjustments.uasset" 1645
"C:/UnrealEngine/Project/TheGame/Content/MSPresets/M_MS_SurfaceBlend_Material/LayerFunctions/Top/MF_TopLayerAdjustments.uexp" 1646
"C:/UnrealEngine/Project/TheGame/Content/MSPresets/M_MS_SurfaceBlend_Material/LayerFunctions/Puddle/MF_PuddleLayer.uasset" 1647
"C:/UnrealEngine/Project/TheGame/Content/MSPresets/M_MS_SurfaceBlend_Material/LayerFunctions/Puddle/MF_PuddleLayer.uexp" 1648
"C:/UnrealEngine/Project/TheGame/Content/MSPresets/M_MS_SurfaceBlend_Material/LayerFunctions/Middle/MF_MiddleLayerTextures.uasset" 1649
"C:/UnrealEngine/Project/TheGame/Content/MSPresets/M_MS_SurfaceBlend_Material/LayerFunctions/Middle/MF_MiddleLayerTextures.uexp" 1650
"C:/UnrealEngine/Project/TheGame/Content/MSPresets/M_MS_SurfaceBlend_Material/LayerFunctions/Middle/MF_MiddleLayerTessellation.uasset" 1651
"C:/UnrealEngine/Project/TheGame/Content/MSPresets/M_MS_SurfaceBlend_Material/LayerFunctions/Middle/MF_MiddleLayerTessellation.uexp" 1652
"C:/UnrealEngine/Project/TheGame/Content/MSPresets/M_MS_SurfaceBlend_Material/LayerFunctions/Middle/MF_MiddleLayerAdjustments.uasset" 1653
"C:/UnrealEngine/Project/TheGame/Content/MSPresets/M_MS_SurfaceBlend_Material/LayerFunctions/Middle/MF_MiddleLayerAdjustments.uexp" 1654
"C:/UnrealEngine/Project/TheGame/Content/MSPresets/M_MS_SurfaceBlend_Material/LayerFunctions/Base/MF_BaseLayerTextures.uasset" 1655
"C:/UnrealEngine/Project/TheGame/Content/MSPresets/M_MS_SurfaceBlend_Material/LayerFunctions/Base/MF_BaseLayerTextures.uexp" 1656
"C:/UnrealEngine/Project/TheGame/Content/MSPresets/M_MS_SurfaceBlend_Material/LayerFunctions/Base/MF_BaseLayerTessellation.uasset" 1657
"C:/UnrealEngine/Project/TheGame/Content/MSPresets/M_MS_SurfaceBlend_Material/LayerFunctions/Base/MF_BaseLayerTessellation.uexp" 1658
"C:/UnrealEngine/Project/TheGame/Content/MSPresets/M_MS_SurfaceBlend_Material/LayerFunctions/Base/MF_BaseLayerAdjustments.uasset" 1659
"C:/UnrealEngine/Project/TheGame/Content/MSPresets/M_MS_SurfaceBlend_Material/LayerFunctions/Base/MF_BaseLayerAdjustments.uexp" 1660
"C:/UnrealEngine/Project/TheGame/Content/Characters/Mannequins/Animations/Manny/MM_T_Pose.uasset" 1661
"C:/UnrealEngine/Project/TheGame/Content/Characters/Mannequins/Animations/Manny/MM_T_Pose.uexp" 1662
"C:/UnrealEngine/Project/TheGame/Content/LevelPrototyping/Materials/MI_PrototypeGrid_Gray.uasset" 1663
"C:/UnrealEngine/Project/TheGame/Content/LevelPrototyping/Materials/MI_PrototypeGrid_Gray.uexp" 1664
"C:/UnrealEngine/Project/TheGame/Content/LevelPrototyping/Meshes/SM_Cube.ubulk" 1665
"C:/UnrealEngine/Project/TheGame/Content/LevelPrototyping/Meshes/SM_Cube.uasset" 1666
"C:/UnrealEngine/Project/TheGame/Content/LevelPrototyping/Meshes/SM_Cube.uexp" 1667
"C:/UnrealEngine/Project/TheGame/Content/LevelPrototyping/Materials/MI_PrototypeGrid_TopDark.uasset" 1668
"C:/UnrealEngine/Project/TheGame/Content/LevelPrototyping/Materials/MI_PrototypeGrid_TopDark.uexp" 1669
"C:/UnrealEngine/Project/TheGame/Content/LevelPrototyping/Meshes/SM_Cylinder.ubulk" 1670
"C:/UnrealEngine/Project/TheGame/Content/LevelPrototyping/Meshes/SM_Cylinder.uasset" 1671
"C:/UnrealEngine/Project/TheGame/Content/LevelPrototyping/Meshes/SM_Cylinder.uexp" 1672
"C:/UnrealEngine/Project/TheGame/Content/LevelPrototyping/Materials/M_Solid.uasset" 1673
"C:/UnrealEngine/Project/TheGame/Content/LevelPrototyping/Materials/M_Solid.uexp" 1674
"C:/UnrealEngine/Project/TheGame/Content/LevelPrototyping/Meshes/SM_Ramp.ubulk" 1675
"C:/UnrealEngine/Project/TheGame/Content/LevelPrototyping/Meshes/SM_Ramp.uasset" 1676
"C:/UnrealEngine/Project/TheGame/Content/LevelPrototyping/Meshes/SM_Ramp.uexp" 1677
"C:/UnrealEngine/Project/TheGame/Content/LevelPrototyping/Meshes/SM_QuarterCylinder.ubulk" 1678
"C:/UnrealEngine/Project/TheGame/Content/LevelPrototyping/Meshes/SM_QuarterCylinder.uasset" 1679
"C:/UnrealEngine/Project/TheGame/Content/LevelPrototyping/Meshes/SM_QuarterCylinder.uexp" 1680
"C:/UnrealEngine/Project/TheGame/Content/LevelPrototyping/Materials/MI_Solid_Blue.uasset" 1681
"C:/UnrealEngine/Project/TheGame/Content/LevelPrototyping/Materials/MI_Solid_Blue.uexp" 1682
"C:/UnrealEngine/Project/TheGame/Content/LevelPrototyping/Meshes/SM_ChamferCube.ubulk" 1683
"C:/UnrealEngine/Project/TheGame/Content/LevelPrototyping/Meshes/SM_ChamferCube.uasset" 1684
"C:/UnrealEngine/Project/TheGame/Content/LevelPrototyping/Meshes/SM_ChamferCube.uexp" 1685
"C:/UnrealEngine/Project/TheGame/Content/Map1_HLOD0_Instancing.uasset" 1686
"C:/UnrealEngine/Project/TheGame/Content/Map1_HLOD0_Instancing.uexp" 1687
"C:/UnrealEngine/Project/TheGame/Content/Map1.uexp" 1688
"C:/UnrealEngine/Project/TheGame/Content/Map1.ubulk" 1689
"C:/UnrealEngine/Project/TheGame/Content/Map1.umap" 1690
"C:/UnrealEngine/Project/TheGame/Content/Maps/GM_Menu.uasset" 1691
"C:/UnrealEngine/Project/TheGame/Content/Maps/GM_Menu.uexp" 1692
"C:/UnrealEngine/Project/TheGame/Content/Music/Counter_Strike_16_OST_-_Main_Theme_76236180.ubulk" 1693
"C:/UnrealEngine/Project/TheGame/Content/Music/Counter_Strike_16_OST_-_Main_Theme_76236180.uasset" 1694
"C:/UnrealEngine/Project/TheGame/Content/Music/Counter_Strike_16_OST_-_Main_Theme_76236180.uexp" 1695
"C:/UnrealEngine/Project/TheGame/Content/Music/MenuMusic.uasset" 1696
"C:/UnrealEngine/Project/TheGame/Content/Music/MenuMusic.uexp" 1697
"C:/UnrealEngine/Project/TheGame/Content/PaperAssets/Images/image.uasset" 1698
"C:/UnrealEngine/Project/TheGame/Content/PaperAssets/Images/image.uexp" 1699
"C:/UnrealEngine/Project/TheGame/Content/Maps/Menu.uasset" 1700
"C:/UnrealEngine/Project/TheGame/Content/Maps/Menu.uexp" 1701
"C:/UnrealEngine/Project/TheGame/Content/Maps/MenuMap.uexp" 1702
"C:/UnrealEngine/Project/TheGame/Content/Maps/MenuMap.umap" 1703
"../../../Engine/Content/BasicShapes/Plane.ubulk" 1704
"../../../Engine/Content/BasicShapes/Plane.uasset" 1705
"../../../Engine/Content/BasicShapes/Plane.uexp" 1706
"C:/UnrealEngine/Project/TheGame/Content/Input/Actions/IA_Jump.uasset" 1707
"C:/UnrealEngine/Project/TheGame/Content/Input/Actions/IA_Jump.uexp" 1708
"C:/UnrealEngine/Project/TheGame/Content/Input/Actions/IA_Move.uasset" 1709
"C:/UnrealEngine/Project/TheGame/Content/Input/Actions/IA_Move.uexp" 1710
"C:/UnrealEngine/Project/TheGame/Content/Input/IMC_Platformer.uasset" 1711
"C:/UnrealEngine/Project/TheGame/Content/Input/IMC_Platformer.uexp" 1712
"C:/UnrealEngine/Project/TheGame/Content/PaperAssets/Characters/FB_Player_Fall.uasset" 1713
"C:/UnrealEngine/Project/TheGame/Content/PaperAssets/Characters/FB_Player_Fall.uexp" 1714
"C:/UnrealEngine/Project/TheGame/Content/PaperAssets/Characters/Sprites/Jump-All-Sheet_Sprite_4.uasset" 1715
"C:/UnrealEngine/Project/TheGame/Content/PaperAssets/Characters/Sprites/Jump-All-Sheet_Sprite_4.uexp" 1716
"C:/UnrealEngine/Project/TheGame/Content/PaperAssets/Characters/FlipBook/FB_Player_Jump.uasset" 1717
"C:/UnrealEngine/Project/TheGame/Content/PaperAssets/Characters/FlipBook/FB_Player_Jump.uexp" 1718
"C:/UnrealEngine/Project/TheGame/Content/PaperAssets/Characters/Run-Sheet.uasset" 1719
"C:/UnrealEngine/Project/TheGame/Content/PaperAssets/Characters/Run-Sheet.uexp" 1720
"C:/UnrealEngine/Project/TheGame/Content/PaperAssets/Characters/Sprites/Run-Sheet_Sprite_0.uasset" 1721
"C:/UnrealEngine/Project/TheGame/Content/PaperAssets/Characters/Sprites/Run-Sheet_Sprite_0.uexp" 1722
"C:/UnrealEngine/Project/TheGame/Content/PaperAssets/Characters/Sprites/Run-Sheet_Sprite_1.uasset" 1723
"C:/UnrealEngine/Project/TheGame/Content/PaperAssets/Characters/Sprites/Run-Sheet_Sprite_1.uexp" 1724
"C:/UnrealEngine/Project/TheGame/Content/PaperAssets/Characters/Sprites/Run-Sheet_Sprite_2.uasset" 1725
"C:/UnrealEngine/Project/TheGame/Content/PaperAssets/Characters/Sprites/Run-Sheet_Sprite_2.uexp" 1726
"C:/UnrealEngine/Project/TheGame/Content/PaperAssets/Characters/Sprites/Run-Sheet_Sprite_3.uasset" 1727
"C:/UnrealEngine/Project/TheGame/Content/PaperAssets/Characters/Sprites/Run-Sheet_Sprite_3.uexp" 1728
"C:/UnrealEngine/Project/TheGame/Content/PaperAssets/Characters/Sprites/Run-Sheet_Sprite_4.uasset" 1729
"C:/UnrealEngine/Project/TheGame/Content/PaperAssets/Characters/Sprites/Run-Sheet_Sprite_4.uexp" 1730
"C:/UnrealEngine/Project/TheGame/Content/PaperAssets/Characters/Sprites/Run-Sheet_Sprite_5.uasset" 1731
"C:/UnrealEngine/Project/TheGame/Content/PaperAssets/Characters/Sprites/Run-Sheet_Sprite_5.uexp" 1732
"C:/UnrealEngine/Project/TheGame/Content/PaperAssets/Characters/Sprites/Run-Sheet_Sprite_6.uasset" 1733
"C:/UnrealEngine/Project/TheGame/Content/PaperAssets/Characters/Sprites/Run-Sheet_Sprite_6.uexp" 1734
"C:/UnrealEngine/Project/TheGame/Content/PaperAssets/Characters/Sprites/Run-Sheet_Sprite_7.uasset" 1735
"C:/UnrealEngine/Project/TheGame/Content/PaperAssets/Characters/Sprites/Run-Sheet_Sprite_7.uexp" 1736
"C:/UnrealEngine/Project/TheGame/Content/PaperAssets/Characters/FlipBook/FB_Player_Run.uasset" 1737
"C:/UnrealEngine/Project/TheGame/Content/PaperAssets/Characters/FlipBook/FB_Player_Run.uexp" 1738
"C:/UnrealEngine/Project/TheGame/Content/PaperAssets/Characters/Idle-Sheet.uasset" 1739
"C:/UnrealEngine/Project/TheGame/Content/PaperAssets/Characters/Idle-Sheet.uexp" 1740
"C:/UnrealEngine/Project/TheGame/Content/PaperAssets/Characters/Sprites/Idle-Sheet_Sprite_0.uasset" 1741
"C:/UnrealEngine/Project/TheGame/Content/PaperAssets/Characters/Sprites/Idle-Sheet_Sprite_0.uexp" 1742
"C:/UnrealEngine/Project/TheGame/Content/PaperAssets/Characters/Sprites/Idle-Sheet_Sprite_1.uasset" 1743
"C:/UnrealEngine/Project/TheGame/Content/PaperAssets/Characters/Sprites/Idle-Sheet_Sprite_1.uexp" 1744
"C:/UnrealEngine/Project/TheGame/Content/PaperAssets/Characters/Sprites/Idle-Sheet_Sprite_2.uasset" 1745
"C:/UnrealEngine/Project/TheGame/Content/PaperAssets/Characters/Sprites/Idle-Sheet_Sprite_2.uexp" 1746
"C:/UnrealEngine/Project/TheGame/Content/PaperAssets/Characters/Sprites/Idle-Sheet_Sprite_3.uasset" 1747
"C:/UnrealEngine/Project/TheGame/Content/PaperAssets/Characters/Sprites/Idle-Sheet_Sprite_3.uexp" 1748
"C:/UnrealEngine/Project/TheGame/Content/PaperAssets/Characters/FlipBook/FB_Player_Idle.uasset" 1749
"C:/UnrealEngine/Project/TheGame/Content/PaperAssets/Characters/FlipBook/FB_Player_Idle.uexp" 1750
"C:/UnrealEngine/Project/TheGame/Content/Blueprints/BP_Player.uasset" 1751
"C:/UnrealEngine/Project/TheGame/Content/Blueprints/BP_Player.uexp" 1752
"../../../Engine/Content/BasicShapes/BasicShapeMaterial.uasset" 1753
"../../../Engine/Content/BasicShapes/BasicShapeMaterial.uexp" 1754
"../../../Engine/Content/EditorBlueprintResources/StandardMacros.uasset" 1755
"../../../Engine/Content/EditorBlueprintResources/StandardMacros.uexp" 1756
"C:/UnrealEngine/Project/TheGame/Content/Blueprints/Timer.uasset" 1757
"C:/UnrealEngine/Project/TheGame/Content/Blueprints/Timer.uexp" 1758
"C:/UnrealEngine/Project/TheGame/Content/Blueprints/HUD.uasset" 1759
"C:/UnrealEngine/Project/TheGame/Content/Blueprints/HUD.uexp" 1760
"C:/UnrealEngine/Project/TheGame/Content/Blueprints/Kill_Floor.uasset" 1761
"C:/UnrealEngine/Project/TheGame/Content/Blueprints/Kill_Floor.uexp" 1762
"C:/UnrealEngine/Project/TheGame/Content/PaperAssets/MapTiles/BackgroundTree.uasset" 1763
"C:/UnrealEngine/Project/TheGame/Content/PaperAssets/MapTiles/BackgroundTree.uexp" 1764
"C:/UnrealEngine/Project/TheGame/Content/PaperAssets/MapTiles/BackgroundTree_TileSet.uasset" 1765
"C:/UnrealEngine/Project/TheGame/Content/PaperAssets/MapTiles/BackgroundTree_TileSet.uexp" 1766
"C:/UnrealEngine/Project/TheGame/Content/PaperAssets/MapTiles/Props-Rocks.uasset" 1767
"C:/UnrealEngine/Project/TheGame/Content/PaperAssets/MapTiles/Props-Rocks.uexp" 1768
"C:/UnrealEngine/Project/TheGame/Content/PaperAssets/MapTiles/Props-Rocks_TileSet.uasset" 1769
"C:/UnrealEngine/Project/TheGame/Content/PaperAssets/MapTiles/Props-Rocks_TileSet.uexp" 1770
"C:/UnrealEngine/Project/TheGame/Content/PaperAssets/MapTiles/TileMap.uasset" 1771
"C:/UnrealEngine/Project/TheGame/Content/PaperAssets/MapTiles/TileMap.uexp" 1772
"C:/UnrealEngine/Project/TheGame/Content/Blueprints/GM_Platformer.uasset" 1773
"C:/UnrealEngine/Project/TheGame/Content/Blueprints/GM_Platformer.uexp" 1774
"C:/UnrealEngine/Project/TheGame/Content/Music/Autumn_Kings_-_Livin_La_Vida_Loca_65910977.ubulk" 1775
"C:/UnrealEngine/Project/TheGame/Content/Music/Autumn_Kings_-_Livin_La_Vida_Loca_65910977.uasset" 1776
"C:/UnrealEngine/Project/TheGame/Content/Music/Autumn_Kings_-_Livin_La_Vida_Loca_65910977.uexp" 1777
"C:/UnrealEngine/Project/TheGame/Content/Music/GameMusic.uasset" 1778
"C:/UnrealEngine/Project/TheGame/Content/Music/GameMusic.uexp" 1779
"../../../Engine/Content/BasicShapes/Cube.ubulk" 1780
"../../../Engine/Content/BasicShapes/Cube.uasset" 1781
"../../../Engine/Content/BasicShapes/Cube.uexp" 1782
"C:/UnrealEngine/Project/TheGame/Content/Megascans/Surfaces/Patterened_Ceramic_Tiles_uk0ocizfw/T_Patterened_Ceramic_Tiles_uk0ocizfw_2K_D_Mat.uasset" 1783
"C:/UnrealEngine/Project/TheGame/Content/Megascans/Surfaces/Patterened_Ceramic_Tiles_uk0ocizfw/T_Patterened_Ceramic_Tiles_uk0ocizfw_2K_D_Mat.uexp" 1784
"C:/UnrealEngine/Project/TheGame/Content/Blueprints/Platform.uasset" 1785
"C:/UnrealEngine/Project/TheGame/Content/Blueprints/Platform.uexp" 1786
"C:/UnrealEngine/Project/TheGame/Content/Maps/EndGame.uasset" 1787
"C:/UnrealEngine/Project/TheGame/Content/Maps/EndGame.uexp" 1788
"C:/UnrealEngine/Project/TheGame/Content/Maps/MainMap.uexp" 1789
"C:/UnrealEngine/Project/TheGame/Content/Maps/MainMap.umap" 1790
"../../../Engine/Content/Maps/Entry_BuiltData.uasset" 1791
"../../../Engine/Content/Maps/Entry_BuiltData.uexp" 1792
"../../../Engine/Content/Maps/Entry.uexp" 1793
"../../../Engine/Content/Maps/Entry.umap" 1794
"C:/UnrealEngine/Project/TheGame/Content/TopDown/Input/Actions/IA_SetDestination_Touch.uasset" 1795
"C:/UnrealEngine/Project/TheGame/Content/TopDown/Input/Actions/IA_SetDestination_Touch.uexp" 1796
"C:/UnrealEngine/Project/TheGame/Content/TopDown/Input/Actions/IA_SetDestination_Click.uasset" 1797
"C:/UnrealEngine/Project/TheGame/Content/TopDown/Input/Actions/IA_SetDestination_Click.uexp" 1798
"C:/UnrealEngine/Project/TheGame/Content/Cursor/T_Arrow.uasset" 1799
"C:/UnrealEngine/Project/TheGame/Content/Cursor/T_Arrow.uexp" 1800
"C:/UnrealEngine/Project/TheGame/Content/Cursor/M_Cursor.uasset" 1801
"C:/UnrealEngine/Project/TheGame/Content/Cursor/M_Cursor.uexp" 1802
"C:/UnrealEngine/Project/TheGame/Content/Cursor/SM_CursorMesh.ubulk" 1803
"C:/UnrealEngine/Project/TheGame/Content/Cursor/SM_CursorMesh.uasset" 1804
"C:/UnrealEngine/Project/TheGame/Content/Cursor/SM_CursorMesh.uexp" 1805
"C:/UnrealEngine/Project/TheGame/Content/Cursor/FX_Cursor.uasset" 1806
"C:/UnrealEngine/Project/TheGame/Content/Cursor/FX_Cursor.uexp" 1807
"C:/UnrealEngine/Project/TheGame/Content/TopDown/Input/IMC_Default.uasset" 1808
"C:/UnrealEngine/Project/TheGame/Content/TopDown/Input/IMC_Default.uexp" 1809
"C:/UnrealEngine/Project/TheGame/Content/TopDown/Blueprints/BP_TopDownController.uasset" 1810
"C:/UnrealEngine/Project/TheGame/Content/TopDown/Blueprints/BP_TopDownController.uexp" 1811
"../../../Engine/Content/Animation/DefaultVariableFrameStrippingSettings.uasset" 1812
"../../../Engine/Content/Animation/DefaultVariableFrameStrippingSettings.uexp" 1813
"C:/UnrealEngine/Project/TheGame/Content/Characters/Mannequins/Animations/Manny/MM_Fall_Loop.uasset" 1814
"C:/UnrealEngine/Project/TheGame/Content/Characters/Mannequins/Animations/Manny/MM_Fall_Loop.uexp" 1815
"C:/UnrealEngine/Project/TheGame/Content/Characters/Mannequins/Animations/Manny/MM_Jump.uasset" 1816
"C:/UnrealEngine/Project/TheGame/Content/Characters/Mannequins/Animations/Manny/MM_Jump.uexp" 1817
"C:/UnrealEngine/Project/TheGame/Content/Characters/Mannequins/Rigs/CR_Mannequin_BasicFootIK.uasset" 1818
"C:/UnrealEngine/Project/TheGame/Content/Characters/Mannequins/Rigs/CR_Mannequin_BasicFootIK.uexp" 1819
"C:/UnrealEngine/Project/TheGame/Content/Characters/Mannequins/Animations/Manny/MM_Run_Fwd.uasset" 1820
"C:/UnrealEngine/Project/TheGame/Content/Characters/Mannequins/Animations/Manny/MM_Run_Fwd.uexp" 1821
"C:/UnrealEngine/Project/TheGame/Content/Characters/Mannequins/Animations/Manny/MM_Walk_Fwd.uasset" 1822
"C:/UnrealEngine/Project/TheGame/Content/Characters/Mannequins/Animations/Manny/MM_Walk_Fwd.uexp" 1823
"../../../Engine/Content/Animation/DefaultRecorderBoneCompression.uasset" 1824
"../../../Engine/Content/Animation/DefaultRecorderBoneCompression.uexp" 1825
"C:/UnrealEngine/Project/TheGame/Content/Characters/Mannequins/Animations/Manny/MM_Walk_InPlace.uasset" 1826
"C:/UnrealEngine/Project/TheGame/Content/Characters/Mannequins/Animations/Manny/MM_Walk_InPlace.uexp" 1827
"C:/UnrealEngine/Project/TheGame/Content/Characters/Mannequins/Animations/Manny/BS_MM_WalkRun.uasset" 1828
"C:/UnrealEngine/Project/TheGame/Content/Characters/Mannequins/Animations/Manny/BS_MM_WalkRun.uexp" 1829
"C:/UnrealEngine/Project/TheGame/Content/Characters/Mannequins/Animations/Manny/MM_Land.uasset" 1830
"C:/UnrealEngine/Project/TheGame/Content/Characters/Mannequins/Animations/Manny/MM_Land.uexp" 1831
"C:/UnrealEngine/Project/TheGame/Content/Characters/Mannequins/Animations/Manny/MM_Idle.uasset" 1832
"C:/UnrealEngine/Project/TheGame/Content/Characters/Mannequins/Animations/Manny/MM_Idle.uexp" 1833
"C:/UnrealEngine/Project/TheGame/Content/Characters/Mannequins/Animations/ABP_Manny.uasset" 1834
"C:/UnrealEngine/Project/TheGame/Content/Characters/Mannequins/Animations/ABP_Manny.uexp" 1835
"C:/UnrealEngine/Project/TheGame/Content/Characters/Mannequins/Meshes/SKM_Manny_Simple.uasset" 1836
"C:/UnrealEngine/Project/TheGame/Content/Characters/Mannequins/Meshes/SKM_Manny_Simple.uexp" 1837
"C:/UnrealEngine/Project/TheGame/Content/TopDown/Blueprints/BP_TopDownCharacter.uasset" 1838
"C:/UnrealEngine/Project/TheGame/Content/TopDown/Blueprints/BP_TopDownCharacter.uexp" 1839
"C:/UnrealEngine/Project/TheGame/Content/TopDown/Blueprints/BP_TopDownGameMode.uasset" 1840
"C:/UnrealEngine/Project/TheGame/Content/TopDown/Blueprints/BP_TopDownGameMode.uexp" 1841
"C:/UnrealEngine/Project/TheGame/Content/TopDown/Maps/TopDownMap.uexp" 1842
"C:/UnrealEngine/Project/TheGame/Content/TopDown/Maps/TopDownMap.umap" 1843
"C:/UnrealEngine/Project/TheGame/Content/Characters/Mannequins/Meshes/SKM_Quinn_Simple.uasset" 1844
"C:/UnrealEngine/Project/TheGame/Content/Characters/Mannequins/Meshes/SKM_Quinn_Simple.uexp" 1845
"C:/UnrealEngine/Project/TheGame/Content/ThirdPerson/Input/Actions/IA_Jump.uasset" 1846
"C:/UnrealEngine/Project/TheGame/Content/ThirdPerson/Input/Actions/IA_Jump.uexp" 1847
"C:/UnrealEngine/Project/TheGame/Content/ThirdPerson/Input/Actions/IA_Look.uasset" 1848
"C:/UnrealEngine/Project/TheGame/Content/ThirdPerson/Input/Actions/IA_Look.uexp" 1849
"C:/UnrealEngine/Project/TheGame/Content/ThirdPerson/Input/Actions/IA_Move.uasset" 1850
"C:/UnrealEngine/Project/TheGame/Content/ThirdPerson/Input/Actions/IA_Move.uexp" 1851
"C:/UnrealEngine/Project/TheGame/Content/ThirdPerson/Input/IMC_Default.uasset" 1852
"C:/UnrealEngine/Project/TheGame/Content/ThirdPerson/Input/IMC_Default.uexp" 1853
"C:/UnrealEngine/Project/TheGame/Content/Characters/Mannequins/Animations/Quinn/MF_Run_Fwd.uasset" 1854
"C:/UnrealEngine/Project/TheGame/Content/Characters/Mannequins/Animations/Quinn/MF_Run_Fwd.uexp" 1855
"C:/UnrealEngine/Project/TheGame/Content/Characters/Mannequins/Animations/Quinn/MF_Walk_Fwd.uasset" 1856
"C:/UnrealEngine/Project/TheGame/Content/Characters/Mannequins/Animations/Quinn/MF_Walk_Fwd.uexp" 1857
"C:/UnrealEngine/Project/TheGame/Content/Characters/Mannequins/Animations/Quinn/BS_MF_Unarmed_WalkRun.uasset" 1858
"C:/UnrealEngine/Project/TheGame/Content/Characters/Mannequins/Animations/Quinn/BS_MF_Unarmed_WalkRun.uexp" 1859
"C:/UnrealEngine/Project/TheGame/Content/Characters/Mannequins/Animations/Quinn/MF_Idle.uasset" 1860
"C:/UnrealEngine/Project/TheGame/Content/Characters/Mannequins/Animations/Quinn/MF_Idle.uexp" 1861
"C:/UnrealEngine/Project/TheGame/Content/Characters/Mannequins/Animations/ABP_Quinn.uasset" 1862
"C:/UnrealEngine/Project/TheGame/Content/Characters/Mannequins/Animations/ABP_Quinn.uexp" 1863
"C:/UnrealEngine/Project/TheGame/Content/ThirdPerson/Blueprints/BP_ThirdPersonCharacter.uasset" 1864
"C:/UnrealEngine/Project/TheGame/Content/ThirdPerson/Blueprints/BP_ThirdPersonCharacter.uexp" 1865
"C:/UnrealEngine/Project/TheGame/Content/ThirdPerson/Blueprints/BP_ThirdPersonGameMode.uasset" 1866
"C:/UnrealEngine/Project/TheGame/Content/ThirdPerson/Blueprints/BP_ThirdPersonGameMode.uexp" 1867
"C:/UnrealEngine/Project/TheGame/Content/ThirdPerson/Maps/ThirdPersonMap.uexp" 1868
"C:/UnrealEngine/Project/TheGame/Content/ThirdPerson/Maps/ThirdPersonMap.umap" 1869
"C:/UnrealEngine/Project/TheGame/Content/Map1/_Generated_/AESPH3TAEVKN2VN7WHUVRRVAG.uexp" 1870
"C:/UnrealEngine/Project/TheGame/Content/Map1/_Generated_/AESPH3TAEVKN2VN7WHUVRRVAG.umap" 1871
"C:/UnrealEngine/Project/TheGame/Content/Map1/_Generated_/DH02YZLDGJA4IR7O85N4DMV0C.uexp" 1872
"C:/UnrealEngine/Project/TheGame/Content/Map1/_Generated_/DH02YZLDGJA4IR7O85N4DMV0C.umap" 1873
"C:/UnrealEngine/Project/TheGame/Content/Map1/_Generated_/E6ESDGZ3E1T0HIJ7O4J1DMT1Q.uexp" 1874
"C:/UnrealEngine/Project/TheGame/Content/Map1/_Generated_/E6ESDGZ3E1T0HIJ7O4J1DMT1Q.umap" 1875
"C:/UnrealEngine/Project/TheGame/Content/Map1/_Generated_/5LZYNS107BQTY7BF02KOUJB81.uexp" 1876
"C:/UnrealEngine/Project/TheGame/Content/Map1/_Generated_/5LZYNS107BQTY7BF02KOUJB81.umap" 1877
